label	text
0	科學館跟農場都很好玩，已經帶小孩來玩過3次了！
0	好玩有知識可體驗的地方
0	模仿的很好，商店有好多紀念品
0	曬小朋友的好地方。看到傳說中的神雞了
0	非常棒的科學館，值得一看。
0	親子放鬆的好地方
0	外面也有騎馬或是挑戰自我的方式
0	除生活科學館區外還有樹谷農場和大草皮，較大的孩子還可至戶外冒險體驗場挑戰雲端漫步，可以待上一整天哦！
0	裡面有展示恐龍的化石骨頭,大人小朋友都看的很開心,空間很適合假日帶小朋友來放電學習新知識
0	麻雀雖小，五臟俱全。 從恐龍時代，史前文化，物理化學天文知識樣樣俱全。喜歡參觀博物館的一定要來。 2樓還有特展可以參觀。
0	附近有收費停車場，博物館出口就是樹谷農場，還有賣小點心 (冰淇淋，奶黃包，棉花糖，米糕等)
0	裡面化石，科學，動物園，草原，適合帶小孩子去玩
0	適合帶小孩去的地方
0	樹谷農場裡有多種動物，很適合全家大小一起來訪，入園收費親民還會提供飼料餵食小動物，很不錯的體驗！
0	很適合帶孩子們來玩，門票滿便宜的。
0	有各類體驗活動
0	相當適合親子同遊
1	假日遊客雖然很多 …
0	恐龍館內容是陽春版的，裡面還有人類進化簡介、其它遠古生物演進，光、電、磁發明過程，小學生走一遭，可以吸收不少資訊，最後還有類VR互動式體驗遊戲，讓小朋友感受科技的娛樂性。
0	門票成人60元，學生、新化、善化居民及老人優待票40元，在收費參觀來說很超值。 …
0	一到大門口就有二隻大恐龍，小朋友看見了都很驚喜，裡面又有恐龍化石一起觀看，旁邊又有牧場可以餵食動物，很適合帶小朋友一起遊玩
0	很熱鬧，適合帶小孩
1	去了就進去看，因為可能來一次，所以來了就觀看！不過其實不大，可以在安排別的行程
0	帶小朋友去很好玩！消磨一個下午
0	小孩放電好地方！！不過要早點出門 小動物很快就吃飽
1	旁邊有個農場，不無聊，可以讓小孩體驗餵食小動物
0	放假溜小孩不錯的地方～
0	園區包含周邊的設施可以玩整個下午 小型的展覽館 算蠻用心的
0	集知性，綠化，便利，懷古於一身的好地方，說實在的連大人都可以玩得很盡興而輕鬆
0	遛小孩的好去處，可能因為有些年份了部分展覽品故障，互動式展覽能更多就更好了
0	有小朋友最喜歡的恐龍化石 外面還有會動又可以乘坐的恐龍
0	有小孩最愛的挖土機，動物，收費跟科學館都是另外算的喔！
0	天氣顏色的好去處 跟旁邊的樹谷農場結合 是個很棒的親子行程
0	適合帶小朋友來，寓教於樂
0	比起南科其他公園，這裡好很多，應該是有收費經營的緣故，館內有恐龍展，館外騎馬體驗區，綠地，簡單的遊樂設施等等，可惜地方太小了，館內館外1個半小時就差不多了。
0	小孩子很愛，尤其戶外活動
0	門票80,學生證50,是考古迷的好去出。上電梯由4樓往下參觀。
0	適合帶小朋友來闖關學習，很有意義的地方！
0	可以帶小朋友來這與可愛小動物互動，四點時會有天竺鼠車車的表演，非常有趣
0	很棒的地方，好停車值得在去
0	館外最吸引眼球的是一些恐龍供孩子騎旁邊還有農場場適合溜小孩的小樂園但限定週六日2日
1	館內平日也有開放，有大型恐龍骨架與結合科技投影互動讓遊客體驗……
0	精緻版的要向服務台租借取館內的平板電腦，站在館內指定的腳印上，就可以由電腦為大家解說~~ …
0	遛小孩的絕佳好去處，喜歡恐龍的小男孩更是不能錯過
0	和朋友一家，帶著一大群小朋友來到樹谷園區，以前只有到游泳館來過，當時還沒有這麼多的設施，經過多年來的增添，真的讓我耳目一新，太令人驚艷了！首先到了恐龍館去參觀，票價非常親民，進去以為只是單純的幾個化石雕塑，結果不是"甕郎"想的那麼簡單，恐龍做的詡詡如生，還有當代人類的演進過程，好多好多的東西，真的需要親自看到你才會相信我說的，然後還可以的旁邊的農場去餵食小動物，讓小朋友接觸到平時不常看到的動物，親自餵食也很棒
0	值得帶孩子走走停停看看
0	小朋友可以吸收到許多科學知識，是非常好的教育場所。但展場有部份設施或看板損壞，若能維修妥善會更好！
1	外面有農場可以餵小動物，夏天進館吹冷氣，非常適合親子遊的地點
0	非常適合小朋友來，有許多平常少見到的文物，可分別作系列的探索，整體參觀動線也安排的很不錯，室外也有很多適合小朋友拍照或玩樂的地方
1	可以餵動物 走走晃晃還不錯，但蚊子很餓一定要噴防蚊液
0	很適合中高年級孩的科學教育埸館
0	寓教於樂的好地方
0	適合遛小孩
2	有廁所
0	設施很新，有簡易的遮陽
2	旁邊也有廁所跟洗手的地方
0	很適合小孩放風的去處～^ _ ^
0	悠閒放鬆散步的好地方
0	設施很棒!!親子的好去處!!
1	特別的是會有廣播說故事!!
0	大漁的祝福，台南IG新打卡点，附近很多景點可以逛，這是我從下午四點多錄續拍到九點四十的照片，唯一可惜的是都有人在鏡頭前面來走來走去，。
0	很有特色的遊戲場，有許多沒見過的設施，附近好停車加分
0	附近有免費停車場，遊戲器材多，適合帶小朋友來，遠處有坐船遊運河的行程也不錯
0	規劃的很漂亮
0	夜間渡輪非常值得一坐
0	可以了解當地的故事
0	還有美麗傳說的低頭橋傳說
0	超美鯨魚造型建築物，搭配於港濱確實適合
0	一個優雅又雜音紛擾的閒散之地,靜靜的看著海、漁船…,聽着街頭藝人唱著不知明的歌,孩童的嘻鬧聲…,人来人往的表情與笑語,可以靜靜的,躲在角落裡、放空自己,沒人去注意你,多棒的一個地方,餓了到老街覓食,享受嘴饞的滿足，豐富的浪跡之旅。
0	有科學館還有農場，可以在這邊待上一整個下午，門票各是60元，農場還附四種飼料供遊客餵食，還滿有趣的，如果帶小孩來更適合。
0	門票便宜，6歲以下不用票還不錯，目前展有科學類（跟電有關）、恐龍化石展、水資源展、農務相關展，麻雀雖小 五臟俱全，仔細走完可以殺不少時間。
0	農場玩完，接著看展覽跟吹冷氣，門票也很便宜！
0	覺得以60元門票來說cp值很高，如果不玩一些運動項目或活動，動物園加上博物館差不多停留2-3小時。
0	它是一個能夠陪伴小孩一整天的好地方，不但門票價格合理，內部陳展內容也算充實，活動也不錯，吃東西更不需要擔心，方圓50公尺就能解決了唷！
0	寓教於樂好地方 以門票價錢來說可以接受
0	空間佈置的動線都很好。
0	小朋友超愛的。
1	有恐龍館、科學館,還能租借平板電腦互動，還有假日才會開放的戶外烤肉區、釣魚、餵羊咩咩，適合溜小孩的地方👍👍裡面冷氣蠻涼的
1	隔壁有間7-11，累了也可以休息 …
0	展覽館裡面商品部門的人員十分專業親切，值得一提，對恐龍的知識能侃侃而談，樂於分享但也不強迫聆聽，對我兒子也很溫柔，我遇到的是一名年輕男性，高瘦留著一頭短髮，聲音溫和不急不徐，五官斯文沒戴眼鏡，幫我查詢了非賣商品的資訊，也注意到遠處的我一個人推嬰兒車開門不方便，前來協助，並沒有自顧自地坐著滑手機，樹谷本身應當是四顆星的地方，但這位年輕人就值得多加一顆星！
0	寓教於樂~適合喜歡恐龍的小孩
0	適合親子同遊，餵羊妹妹很有趣
0	遛小孩的好地方
0	便宜的票價，卻有異常豐富的內容可以欣賞，無論是恐龍，科學等都值得來此駐足
0	溜小孩的好地方，裡面外面很多可以逛
0	這裡有很酷的投幣式挖土機給小孩玩，一次50元，大概3分鐘的時間，有點貴，但是愛挖土機的兒子很開心😀
0	還有一個可愛農場可以餵食小動物，小動物都很熱情，拼命吃很有成就感👍 …
0	票價便宜卻有非常豐富的化石展示與介紹，戶外還有設施給小朋友玩耍，十分適合有小朋友的家庭
1	成人票60學生票40來逛逛cp值蠻高的，就算不進去帶小孩在附近走走也可消磨時間，對面有吃到飽的餐廳便宜又新鮮，有蔬菜有魯肉有飲料，也有7-11,假日沒地方去的可去走走。
0	樹谷農場的動物被照顧的非常好，適合帶小朋友去走走看看。
0	園區無患子果實可以撿拾回家洗碗盤，完全天然的喔～
0	棒透啦 😉😉😉 …
0	一個適合帶小孩與大人共同前往，增廣見聞的地方。
0	從地下層開始，地球上生命演化，走入坡道探出頭駭人的暴龍骨骼以及正游向你們的蒼龍，讓人回想侏羅紀世界的電影。牆上還掛著魚龍的模型標本，該是你吊吊書袋，讓小朋友說：『爸爸、媽媽，你懂好多喔』。咳∼魚龍不是魚唷∼它是爬蟲類。 …
0	帶小孩的好地方
0	是個寓教於樂的好地方
0	非常適合喜歡恐龍的大小朋友一起來玩，不但有室內展，戶外也有許多可以玩的看的!
0	非常棒的地方，一樓可以參觀恐龍，二樓有不同主題特展，樓下有紀念品商店。
1	再往戶外，週末有開放農場可以餵食小動物
0	很棒的博物館，不只有靜態展示，還有許多結合新科技的互動模式，也能順道去他們的農場走走，附近還有個大溜滑梯，絕對可以玩一整天
0	非常非常適合一家老小來這裡玩，也有固定舉辦主題活動。
1	停車位子不多，如有活力館有舉辦活動，就很難停車了。
0	值回票價的地方
0	位於台南科學園區內，有很多親子可以玩的設施，生活科學館、親子烘培坊、樹谷農場，都很適合小朋友來玩樂。周邊有停車場，停車蠻方便的，也有一些餐廳跟便利商店，所以可以玩樂一整天！
0	旁邊有個小農村，入場60元，可以看看各種小動物，滿便宜划算的，也有攀岩場地可申請挑戰，一個可以玩很久的地方
0	很適合帶小朋友來玩，可以逛一整個下午，農場建議要假日來才有開放，科學館目前還有優惠，全票60元
0	好停車，場地大，適合小孩跑跑，太陽太大也可以室內看恐龍，戶外餵羊，懷舊餐廳東西也好吃
0	帶小朋友逛逛不錯
0	很適合帶小孩來玩
0	玩樂好趣處
0	農場超讚的！一次看多種動物又不用走太累！
0	門票還會附加免費的飼料,牧草和紅蘿蔔，真是超佛心！ …
0	農場可以看些小動物以及喂食祂們..
0	有大大的草坪可以讓小朋友跑跑..
0	環境不會很擁擠..很適合1-2小時的小行程
1	家庭親子旅遊的好去處！！！後面還有農場可以餵養小動物，除了去一整天會噴完整罐防蚊液之外真的沒什麼缺點了
0	有恐龍車可以給小孩做一次50元，有小型農場可以餵食小動物門票50元含餵食飼料，有很大的草皮可以放風小孩很適合假日去走走
0	小型科博館，旁邊還有充滿溫馨的小牧場，門票都很便宜，曬小孩的好地方，CP值很高
0	兩個大人去，還蠻好逛的，看一些骨頭歷史，樓上的科學館也可以逛很久🤣 …
0	適合大人小孩
0	很多小遊戲可以遊玩！小孩很喜歡！
0	展覽內容非常生動且詳盡，有影片介紹，豐富的恐龍及各類生物化石讓小朋友認識歷史，還有吸引小孩的科學展，許多道具可以操作，可惜有部分展出物未修復，門票十分便宜
0	展覽豐富有深度，適合闔家遊覽
0	適合親子一遊
0	也是個很適合帶小孩的地方，尤其是有開始學自然科學相關的學生，從恐龍時期到近期的科學研究發展在裡面都可以看到
0	很多恐龍化石，適合帶小孩逛逛地方，六日人潮多，旁邊還有餵食動物小區塊，可以耗整個下午。
0	位於樹谷園區中的生活科學館，館內有以生物、考古、科學為主軸的展示，及體驗活動；戶外有大片草地可以讓小人又跑又跳，也可報名冒險體驗活動，附近設有農場可以餵食動物，是個很好讓全家人消磨一天的地方。
0	院區乾淨不擁擠，可以讓小孩放電奔跑的地方。
0	動線不錯
1	小孩放電好地方
2	門票60也不貴 …
2	假日會有遊覽車造成人爆炸多，
2	建議等平日再來，
2	或是假日早點來， …
0	設施有四五樣，還不少，可以讓小朋友玩一陣子，周邊也很好停車，方便
1	樹谷園區適合小半日行程。門票也不貴，有導覽安排。附近還有其他景點可搭配。
1	放風小孩的好地方，不過遊戲設施要花錢。
0	這是很棒的地方，票價便宜、環境整潔舒適，員工也很有禮貌，小孩都很喜歡這邊。
2	看到下面有人給一星評價，真的很傻眼。對面711旁邊有免費廁所可以使用，亂給評價的理由真是令人詫異。
0	很適合學童參觀探索，還有玩具區及閱讀區很棒，亦有設置哺乳室完善，期待未來展區填滿👍 …
0	讓小學生多了解地球科學跟自然教育的變化
0	有趣又富知識性的模型 適合各年齡層
0	停車方便，空間舒適，門票價位成人60，學生優惠40，館內自然科學資訊豐富，饒富趣味與學習並俱，相當適合學生參觀，是個非常推薦的好景點。
0	適合帶小孩同行，寓教於樂的好地方，可學習許多古生物及科學知識，還有手作！
0	很適合帶小朋友來逛，小朋友玩的很開心
0	展覽品不少，園區維護的不錯，推薦帶小孩來玩
2	2樓有不定期特展，不注意會忽略掉
0	好玩又有趣的地方👍適合親子來玩👍 …
0	親近小動物觸摸，一位小孩$399，時間大約一小時，小孩開心幫天竺鼠、小兔子、神秘嘉賓小鴕鳥撫摸梳毛，大人可以拍到很多小寶貝可愛滿足的照片。
0	假日人不算少，裡面內容蠻推薦中班後的小孩過來可以了解不少知識唷 收費不高值得帶孩子過來走走
0	今天到屏東支援還好很早到很早處理好😏
1	回程來這休息一下走走一下🙌
0	環境還不錯有停車場🅿️ …
0	環境滿清幽的,有一個很好散步的地方,榕樹下乘涼是一個很好的享受的地方
0	全名為 林默娘紀念公園 佔地2公頃
0	屬於安平港國家歷史風景區的1部分 …
1	112.04.16(日)
2	六日有很多賣泡泡、租借大泡泡、賣風箏的攤子。
2	旁邊就有個停車場，目前沒收費，停車場旁就有廁所，很方便。 …
0	公園不大，離海岸很近。可能沒有深入公園，但我覺得最特別的不是公園本身，而是旁邊的停車場，有滿滿滿滿的鴿子，粗估有三四百隻，分布在地面、靠近海岸的欄杆上、椅子上，非常有趣！
1	放假適合走走逛逛，記得噴防蚊液！！
0	可以買個風箏來放，也可以看到很多人遛狗，附近又有免費停車場，距離安平近丹丹近家樂福也近。 …
0	晚上到林默娘公園走走，發現這裡真的是很棒的地方，寬場的地讓我可以騎滑板車🛴盡情暢遊！白天跟晚上風景真的都有不同風味，今天特地選了晚上比較沒人，但是燈光卻還很足夠，不會讓人感覺黑暗不舒服！再來說說站在欄杆旁，可以享受海風吹來，還能看到對面燈火通明的小船，這寧靜享受很少能在都市中體會到！來了絕對不會後悔，後悔的人是太晚來到這😁😁😁 …
0	如果你想要找一個可以同時欣賞到美麗的風景和文化古蹟的地方，我強烈推薦你來到台南市的安平林默娘公園園區。這個公園位於台南市安平區，是一個擁有豐富歷史文化和美麗風景的城市綠洲。 …
1	風很大，是放風箏的好地方
1	路邊都有賣風箏，中型～大型約200-350元
0	假日超多小朋友，還有街頭藝人著駐唱（小小許願：希望不要都是抖音歌😂） …
1	停車方便，目前不收費。停車場旁邊有公廁。佔地廣大，走一圈約30-40分鐘。
1	公園裡綠植並不多，草坪幾乎都枯萎了，據說是海風太鹹不利小草生長，希望能找到耐鹽份的草，畢竟公園就應該要綠綠的呀！樹木也不多，據說也多是從別處移植過來的，千萬要堅持到底，拜託。 …
0	很悠閒的地方，可以放風箏和玩泡泡
0	很適合小朋友來放電
1	台南假日不知道要幹嘛可以來放風箏🪁
0	地很大適合野餐看港景，周邊有賣一些小吃
0	也很適合外拍呦🥰🥰 下午會有很多狗狗 …
0	林默娘公園是由奇美文化基金會所捐建。公園中的媽祖林默娘望著安平港口，就像在守護著海上來往的船隻。
0	公園裡有數座花崗岩雕像，還有綠蔭與草地。每當夕陽西下時美景盡收眼底，是很不錯的公園。如果氣候宜人的話，可以停留一兩個小時。
0	♦️林默娘公園，全名林默娘紀念公園，以前稱為秋茂園。是位於臺灣臺南市安平區安億路的一座公園，現屬於安平港國家歷史風景區的一部分。
0	♦️園中最為顯目的林默娘雕像，為奇美實業創辦人許文龍捐贈給市政府的，並於2001年2月2日舉行安置動土典禮，9月7日舉行捐贈典禮。
0	假日非常適合來～
0	超棒🥹👍👍👍 …
0	林默娘公園是台南市區中一個美麗的公園，不僅有濃密的樹林和美麗的海岸，還有許多人在這邊製造可愛的泡泡，非常適合帶著小朋友來這裡玩耍。此外，這裡還是個遛狗的好地方，您可以在這裡放鬆帶著您的毛小孩散步，享受陽光和新鮮空氣。這裡的綠地面積非常大，不僅可以供人們散步和晨跑，還有足夠的空間供遛狗和野餐使用。如果您想要找個地方放鬆心情，讓孩子們玩得開心，還可以帶著毛小孩一起外出活動，林默娘公園絕對是您的不二之選！
1	停車與上廁所便利，傍晚有許多民眾在草地上野餐、放風箏與吹泡泡，適合帶小孩來放電。
0	台南市林默娘公園位在安平區，佔地面積為兩公頃，於民國九十三年四月正式對外開放。林默娘公園的建造工程共斥資兩千多萬元，是由台灣著名奇美企業旗下的奇美文化基金會所捐建。公園內有大片翠綠的草地，許多民眾在假日時帶著孩子到此放風箏，您也可在夕陽西下時沿著岸邊的步道漫步，欣賞多變的雲彩。 …
0	遛小孩、放風箏、看海放空的好去處！
0	車泊點安靜有水廁乾淨，又可看海
0	傍晚的林默娘紀念公園
1	群鴿伴下顯得格外的暇意
0	小孩放風放風箏 吹泡泡追逐 …
0	112.01.07到訪，有很寬廣的停車場，風景很好，走起路來很舒服，讚～
1	公廁就在停車場的旁邊，廁所很乾淨～
1	🍎旁邊就是-台灣船園區。 …
0	雕像裝扮莊容嚴肅，但是面容慈祥，是大，小朋友的守護者，也是大眾的信仰對象（媽祖），在台灣人民的心中佔有非常高的宗教地位。
0	晚上適合散步放空的地方
2	停車場很大   沒甚麼車的時候可以在撤吃吃東西吹風 …
0	草地很大、很悠閒，視野寬廣，可以看到海。小孩子可以恣意的跑跳，適合親子、情侶或帶寵物出遊
1	很多人在這裡放風箏
0	傍晚的時候很適合來到這裡看夕陽
0	散步吹海風
0	認識軍事上的演變，從早期的配備到現代，讓晚輩有機會再看見當年的古物，還有現場現役軍人們的解說及體驗活動，真的超讚！很值得一逛及深入了解探討！
0	看夕陽的好地方
2	也有很多擺吹泡泡的商家
1	附近也有很多遛狗人士 …
0	公園不遠還有一些文化古蹟，例如林默娘紀念館和安平古堡等，讓你可以了解到台南市豐富的歷史和文化。
0	久久過來一次 感覺不錯😄
1	有有兩隻白色鴿子 第一次看到😄 …
0	遛小孩、遛狗、放風箏、玩泡泡、看風景，享受悠閒假日下午的好地方
0	林默娘公園，雖說這邊晚上人不多，但明亮度是夠的，而且很寬敞，不會很暗～五顆星
0	公園內有一個大型的荷花池，池邊種植著各種不同種類的荷花，讓你可以欣賞到不同的荷花美景
0	放風箏和靜心冥想的好地方
0	遛小孩👍🏼
0	放風箏👍🏼
0	玩泡泡👍🏼
0	黃昏很美🤩 …
0	林默娘公園
0	台南市林默娘公園位在安平區，佔地面積為兩公頃，於民國九十三年四月正式對外開放。林默娘公園的建造工程共斥資兩千多萬元，是由台灣著名奇美企業旗下的奇美文化基金會所捐建。公園內有大片翠綠的草地，許多民眾在假日時帶著孩子到此放風箏，您也可在夕陽西下時沿著岸邊的步道漫步，欣賞多變的雲彩。 …
0	很著名的觀光景點，假日很多在地人放風箏的好地方，很適合放鬆，帶小孩子遊耍的好去處。
0	來看真正的女神 鴿子不少
0	河景開闊 適合放空
0	林默娘像是著名地標，近看雕像周圍還刻了媽祖著名事蹟，有圖像也有文字，可以細看。
0	位於出海口附近，海風強勁。
0	小朋友很好放電的地方，每次都玩到不想回家
2	泡泡水一瓶也才50元
0	很棒的公園 綠地大 又臨海港 風景很漂亮 旁邊是鯨魚裝置區及新的遊樂區 真的值得來此一遊
0	致力於保護生態，腹地廣闊，很適合放風箏，吹泡泡，以及戶外踏青，辦活動。
0	這次就是小孩幼兒園辦戶外教學，才有機會到此一遊
0	公園在港區旁邊，視野開闊，可惜園區內缺乏林蔭，在烈日下是種挑戰
0	微微的風吹來真是舒服
0	夕陽眼看海浪聲真讚呢
1	放風箏真容易起飛 …
0	廣闊的好環境，是帶狗出遊的首選地點。有許多家庭帶著寵物、小孩在林默娘公園遊玩，形成自然愜意的氛圍，使人放鬆。
0	以前住在台南的時候很常會和朋友到這走走，坐在魚市場對面聊天，記得總是會在半夜和朋友在那聊心事，聊未來，現在長大了偶爾會一個人回到那裡，坐在那邊發呆，感觸良多啊！
0	來這裡很多次了，每次都心曠神怡。風很涼，海很遼闊，放風箏吹泡泡或只是晃晃都很適合
0	已經知道這個景點很久了，但從來沒有來過，這次是順路經過，在媽祖前的圓環坐著看夕陽，視野超棒！和朋友看到捨不得離開。
0	感覺是當地人假日出遊的地方，很多人在放風箏、遛狗或遛小孩，氣氛很輕鬆。
0	散步 放風箏 看夕陽 ，再配合週邊的安平商圈是半日遊非常好的選擇，也是台南必逛的特色公園之一
0	好停車，有廁所，垃圾桶，是個大又美的公園。蠻多人會來這邊放風箏，遛狗跟散步聊天的：）
0	黃昏時分，看著夕陽金色海面，很舒暢，休閒好去處。
0	還記得之前假日去的時候，好像很多人會去放風箏，現場也會有許多攤販，比起平日冷冷清清熱鬧多了！ …
0	適合溜達及放風箏的好場所
0	地方大，步道規劃得宜，動線設計佳，垃圾桶多，馬祖雕像莊嚴肅穆，俯望今天被煙火繚繞的港區；2020中華民國的國慶，大家在這裡齊聚一堂慶祝著，看著台南被空拍機演繹的歷史，以及主秀煙火齊聲讚嘆，在島嶼天光和生日快樂歌的尾聲中搖曳餘光，華麗謝幕。交通上：這裡有T- bike 的停車點和汽機車停車場，公車也有設站，是團康活動和家庭旅遊的好地點：)推薦大家來玩，最後祝台灣庚子年生日快樂！！
0	放輕鬆的好所在，帶小孩來放風之餘媽媽們順便來放鬆！也有很多小朋友很值得來走走
1	適合放風箏吹泡泡的好地方，風很大，但是放風箏要注意遠離人群和車道，避免風向亂變後風箏掉落，危及遊客和機車行車安全
0	佔地非常遼闊非常適合運動散心
0	公園大又漂亮，也有販賣吹泡泡、風箏….各種不同類型的玩具，假日充滿小孩及寵物們被帶來放風，是小朋友放電殺時間的好地方。
0	適合下來走走的地方
0	來林默娘看夕陽真的氣氛100分
0	家裡有毛小孩的適合帶來跑跑～✨
0	適合帶狗放風的好地方，有些景色相當漂亮，尤其將近黃昏時，偶爾會舉辦有趣的活動
1	這裡的風有海味，居民們在這散步🚶‍♀️聊天👯‍♂️野餐👩‍❤️‍👩遛狗，還有鸚鵡🦜飛翔也有居民放著大型風箏🪁
0	來到媽祖旁 心裡非常平靜祥和感👯‍♀️👨‍❤️‍💋‍👨👩‍❤️‍💋‍👩
0	可以靜靜的坐在這欣賞日落海景 看著漁船進進出出 像是媽祖保佑他們出入平安🌸🌸🌸 …
0	沒有比這裡更適合放風箏的地方了 野餐也好舒服 旁邊有河船 整個心曠神怡 是一個親子遛小孩的好去處
0	佔地兩公頃、有海景及步道的公園，鄰近許多台南知名景點，適合在附近觀光以後來休息或散步，亦可向旁邊的小商家購買風箏或吹泡泡機，享受悠閒自得的遊憩活動。
1	一個休閒的好地方,可帶小朋友來放風爭,毛小孩很多可一起交流,假日不適合飛空機.......
0	適合野餐放風箏！親子活動最棒的地方！有大草原可以奔跑，附近又有小吃攤與停車場！
1	這和印象中的廟宇中的媽祖很不一樣
0	科普了一下..
0	才知道原來媽祖娘娘在28歲就離世了 …
0	一樣的林默娘公園，不一樣的陽光，就更能展出它的媚力。
0	有海有草地，讓人心情很放鬆，是遛狗的好地方👍 …
0	她是座落在台南安平港旁的濱海大公園；你可以獨自在這裡散步、運動，或陪小孩放風箏、划草、玩大泡泡，也可以和朋友來此約會，更可以獨自一人，拎著咖啡坐在小土坡上的觀景台，看著夕陽伴隨著港內船隻的來來往往；她是城巿中一個鬧中有静，却静的頗熱鬧的公園，值得全家一遊。 …
0	親子活動的好去處，可以帶孩子來玩泡泡，喂鴿子，孩子超好放電的地方，喂鴿子要自己準備飼料，我們帶了白米，孩子喂了超久的，不只可以殺時間，孩子跑跳之後很快就沒電了，超棒的休閒去處
0	風景尚佳,適合一家大小活動
0	很適合小朋友來放風箏、吹泡泡
1	還能餵鴿子
1	現場有賣風箏 …
1	看船隻經過、玩大泡泡、放風箏🪁還可以看到很多狗狗，簡直就是小朋友的天堂，放電的好地方
1	只是草坪中很多紅螞蟻，要來記得穿布鞋喔 …
0	林默娘公園超大 有很多人溜小孩 溜狗，放風箏；另外一邊有“大魚的祝福”雕塑品 也有現場薩克斯風演奏，還不賴。
0	適合假日親子走走逛逛，有草皮可以遛狗或野餐，看看安平港的船隻進出，放鬆的好地方，也有一些小吃攤販有賣東西。
0	適合傍晚時分走路散步，也適合帶小孩來野餐放風箏！是一個適合全家人休閒的地方！
0	很大的公園，附近也好停車，好多人帶狗狗來玩。
0	跟我的齁米來就是開心
0	非常好的親子遊戲場，很多好玩好吃
0	風光明媚，觀景最佳場地，剛好眺望港口，護佑這一方居民。
0	最近早晚溫差大，下午有暖暖的陽光，帶著歐咕曬一下太陽☀️，踏青放鬆身心🍀 …
0	遠遠的就見肖像矗立著，當我靠近時一股好感瞬間產生，只見她慈善的面容，我想起了林默娘捨身救人的故事，真是讓世人欽佩萬分；此地占地寬廣，平日與假日都值得一遊。
0	傍晚超美的
0	偶遇金剛鸚鵡鳥友會~
0	很棒讚讚讚
0	超大停車場，安全的空間！帶小孩或毛孩都適合👍 …
0	親子同遊的好去處，腹地大，景色美，車位多，黃昏的一抹紅霞，涼風習習，讓人留連忘返
1	11/3晚上友人提議去「林默娘公園」，當時不太感興趣，
1	心想晚上去拍莊嚴的媽祖很怪欸。
0	一來到這兒，便被美麗的雕像給吸引住了！ …
0	適合放風箏，親子活動
0	環境規劃很好~白天有可以放風箏，下午時間旁邊停車場還有鴿子飛來，晚上偶爾也有小活動， 唯一不好的就是因為鴿子的關係那裡有很多鳥大便！
1	旁邊也有很多不知道是否 有人飼養 的狗， 會有一些穿紫色背心的人騎車巡邏
0	還有一尊高大的林默娘雕像矗立於此
0	看夕陽看風景的好地方
0	遛小孩的好地方
1	可放風箏、玩肥皂泡泡
0	安平獨有的悠閒氛圍，風大適合放風箏
1	這不用說 光是用感覺都知道這邊風水非常好~!!!
1	假日好鬆的好地方🐶還有很多狗可以看 …
0	很舒服的公園，適合吹吹涼風，看美麗的日落，公園周邊也有很多美食小攤販，很適合優閒散步走走遛狗。
0	放風箏，看海，帶小孩跑跑的好地方，停車場很大
0	看夕陽，海景，放風箏。親子遊最佳場所。
0	雖然是公園，但是眺望出去看的風景很美麗
0	很適合一家大小來散步休息的地方，太陽很大記得帶遮陽帽或傘
0	遛狗 吹風 看海 浪漫 又親子的好地點
0	溜小孩的好地方。目前有成功號可觀賞。南市民憑證目前免費。
0	很棒 超喜歡 氣氛佳 景色靜逸優美
0	小孩放電好去處。附近的小孩遊戲區也很棒
0	傍晚去最剛好，吹吹海風、看看夕陽、遛小孩、放風箏都適合
0	雕像搭配夕陽美到窒息，而且雕像真的刻得很好，五官非常漂亮~
0	重點旁邊還有很多美食啦可以當作中繼站🧚‍♀️ …
0	蹓小孩放風箏的好地方，傍晚可以在港邊看夕陽吹風
0	有好吃的，好玩的，但是假日人多多，附近很多地方可逛
0	很美很放鬆 有風箏還有吹泡泡 台南最適合溜小孩的地方
1	可以放風箏、野餐、溜狗、餵鴿子、打香腸？！
0	適合全家大小可以休閒的好地方。小孩子有遊樂設施可玩，租整盤肥皂水可變出很多泡泡出來，大人也可以散步，看街頭藝人表演。
0	很舒服的空間❤️很適合放鬆或是親子玩樂😌海風搭配夕陽很愜意👍🏻 …
0	國慶烟火在台南。
2	有一瞬間我覺得很不可思議
1	如果我沒記錯的話，公園中心就是我16歲那年所看到的主燈公雞，在那年燈會被戲稱為"香蕉" …
0	林默娘公園。可以讓人很放鬆的地方，看看海也聽聽海風的聲音。 忍不住大夥也打起太極拳😅 …
1	👩‍👩‍ 小孩泡泡趣..飛風箏..賽車樂.. …
0	好久沒來了，草原上小孩吹泡泡、踢足球、放風箏；全家席地而坐野餐；毛小孩社交活動的好地方😂😂😂 …
0	很棒的公園廣場 ❤
0	可以放風箏 看日落看海看船🕶
0	還有玩泡泡💎 …
0	公園很大，適合帶小朋友跟寵物出來溜溜
1	蠻多人在放風箏🪁
1	停車場旁 看到一大群鴿子🐦有人餵食 …
0	很漂亮的公園也很乾淨～
0	大人小孩都玩得很開心
0	很適合親子放風的地方。
0	沿路騎著單車看風景，很讚唷！
0	週末的夜晚～散步、聽歌，放鬆的好去處
0	很適合散步.拍照的地方，有很多小攤位還有租泡泡的，另一邊的草皮上還有很多人會帶毛小孩來散步
0	坐在公園看這夕陽餘暉應在海面上美不勝收
0	規劃得宜的主題公園，適合親子同遊。
0	停車方便，風景很好，放鬆的好地方。
0	來這邊放風箏跟吹泡泡是非常好的行程哦！周邊可安排的行程也很多，是安平的好景點之一！
0	公園寬敞停車方便是個放風箏的好地方
0	台南市林默娘公園位在安平區，佔地面積為兩公頃，於民國九十三年四月正式對外開放。林默娘公園的建造工程共斥資兩千多萬元，是由台灣著名奇美企業旗下的奇美文化基金會所捐建。公園內有大片翠綠的草地，許多民眾在假日時帶著孩子到此放風箏，您也可在夕陽西下時沿著岸邊的步道漫步，欣賞多變的雲彩。 …
0	各式景觀豐富，適合全家😄 …
0	默娘雕像挺美der
1	還遇到厲害的風箏
0	小孩放風好地方～停車方便！
1	小孩放電的好地方
0	放風箏、遛毛小孩、小屁孩放電的好地方，還有泡泡玩
0	不錯很漂亮
0	場地開闊，週末會有大量遛狗人潮，喜愛狗的民眾絕不能錯過，偶爾會有些小型的表演活動，放風箏、看夕陽都適合，還是個富有歷史意義的景點。
0	很多狗狗的公園
0	可以讓毛孩跑跑
0	很莊嚴也很美麗的一座夕陽記念公園
0	晚上拍照很有fu,要定期來跟海邊的女神打招呼
0	建議非假日黃昏來，風景清幽海風徐徐吹來
0	放風箏，增進親子關係，情侶散步約會，踏青，朋友聊天的好地方
0	可以看到河、綠地及藍天，附近又有丹丹，是個野餐放鬆的好地方
0	地點好找停車方便，垂釣者和休閒觀光的人多，海風涼爽在公園的觀景台上居高臨下望四周，令人有大天下之感。
0	適合遛小孩的地方，不過夏天可能會有點熱
0	狗兒交朋友的好地方，主人們大多都有公德心，會隨手整理毛孩的便便，希望能繼續維持
0	舒服看海，鴿子很多很多。
0	非常適合溜(毛)小孩的地方
0	對面的馬路過去以後要可以坐在咖啡店裡面面向公園可以看到美麗的黃昏金色的光灑滿整個地面想想都覺得很美
0	放風箏 遛小孩的好地方
0	放風箏的好地方
0	看夕陽吹風一個人靜靜的好地方
0	運動 休閒好去處，帶小孩野餐 玩耍。
2	旁邊就是大停車場 停車不用麻煩。
2	也有公共廁所
0	越來越棒的地方，散步運動，帶小孩來玩都適合，旁邊還有tbike可以租，可以騎來繞一繞
2	星期天去有很多人在放風箏和有吹泡泡$40
0	適合夜晚散步，白天親子活動的好地方
0	腹地廣大，適合情侶、家庭，散步培養感情
0	夕陽風箏遛小孩
0	非常特別的一個地方，有一個超大的林默娘雕像和頭像。喜歡媽祖的人可以來這裡玩哦！
0	放風箏的好地方😄 …
0	運河美景近在身旁，散步談心的好地方
0	夫妻散步培養感情，溜小孩放風箏，情侶溜感情，全家老小踏青，毛孩運動，附近小吃店家口碑不錯，是一個不錯殺時間的地方
0	海闊天空的地方，適合散步舒緩情緒😉😉😉😉 …
0	用心的二位年輕人
0	做出美味的漢堡吃的幸福的滋味🍔 …
0	這裡很清幽，來這邊放鬆心情很舒服
0	很寬闊，適合溜小孩
0	適合小孩放風，大人放空的好地方
0	放風箏，騎單車，特別愜意
0	佔地遼闊、綠意盎然、海陸相接更具悠閒氣息，適合放風遛小孩及毛孩
0	讚讚   適合帶小朋友放風的地方
0	很棒的靠海公園，近期多了新的童趣公園方便小孩放電，加上大片的腹地跟涼爽的海風，非常適合來運動遊玩放風箏
0	放風箏吹泡泡讚
0	很多狗
0	常來 非常不錯 偶爾能看到彩虹
0	超棒大公園  遛小孩 遛狗
0	風很大可能主要保暖
0	放風箏溜狗溜小孩都很適合～樹蔭涼爽草地多走走還不錯
0	很適合郊遊踏青
0	六日有狗狗們的聚會
0	空間很大 可以放風箏 適合遛狗 遛小孩
0	很悠閒，假日去很熱鬧，有時會有表演，小朋友玩泡泡，很開心，走走散步的好地方。
0	有大草皮可以放風箏、遛小孩，還有供乘涼的樹蔭，花個50塊讓三個小孩享受拉泡泡的樂趣，超值啊⋯⋯旁邊一台賣關東煮的發財車賣的烤甜不辣超好吃的⋯⋯停車場很大，很好停～
0	海風 海景 地方又大。很適合散步散心
0	帶小朋友與家人，毛小孩跑跑跳跳最適合
0	2020國慶煙火觀賞地點之一
0	適合溜小孩的地方，也可以看到多樣化的風箏，更適合放空的好地方
0	很適合帶寵物來跑跑
0	環境好散步的好地方
0	悠閒好去處
0	視野寬廣，海風徐徐逛逛身心舒坦
0	有吹泡泡的遊戲可以租借，佔地很廣～小朋友放電的好地方！
0	好停車又可以看遊客遛狗，附近吃飯又方便
0	適合傍晚在這吹吹海風，欣賞夕陽，看看漁船來來往往，小朋友在此可以跑跑跳跳，停車方便，非常適合在此放鬆心情。
0	腹地大，好停車，黃昏港灣風景美。
0	親子公園~停車場適合不落地~車泊,有水廁,港區風景優美~
0	林默娘雕像前所在的制高點可以眺望港邊，黃昏吹著海風看著船出港，十分愜意！
2	有小孩亂丟垃圾
2	附近越來越多可晃的景點了
0	#安平港夕陽
0	#公園放風箏
1	#蜘蛛人起飛
0	散步、放風箏的好地方～
0	帶小孩放風的好地方
2	常來這飛空拍機，但之後就不能了QQ
0	帶狗狗來的好地方
0	遇到很多可愛狗狗
0	帶孩子放電的好去處
0	放鬆 玩拍 休閒
0	毛孩與小孩最愛的林默娘 公園
0	座落在安平海邊的一座公園，因為風大所以有超多在賣風箏的攤販，有時也會有街頭藝人自彈自唱、熱鬧。假日很多養毛小孩同好，會聚在一起交流，所以這裡不管要遛大人、小孩還是狗都適合。這裡有備有收費停車場，很多註明的景點也都在附近而已，老街、漁光島、古堡.....。花園夜市四、六、日，想在夜市吃晚餐，建議6點就可以進去，太晚光停車就是個問題喔。
0	很大的公園，很適合運動，散步，和親子活動
0	幅員廣大
0	夜晚風景優美
0	安平港中有觀光遊艇遊河
0	適合親子、全家或情侶休閒去處
0	適合散步、運動的好地方👍🏻👍🏻👍🏻 …
0	若到台南玩，午後放電の好地方
0	環境優美乾淨  夜間非常寧靜 適合沈思的地方
0	適合帶小孩放風的地方
0	遛小孩好去處
0	下午適合去放風箏，也有泡泡可以玩，環境舒適
0	看夕陽放風箏的好地方
1	放風箏🪁吹泡泡 …
0	假日遛狗好地方。
0	放風箏、遛狗、遛小孩的好地方！只是海風很大，要注意保暖～
0	有公廁跟停車場，有海景跟遊艇，很多小孩跟家長，放風箏吹泡泡
0	超級棒的地方 可以抓寶 放風箏 遛小孩遛小狗 野餐 吹泡泡 …………
0	毛小孩樂園 欣賞日落的好地方
0	很開心能來到這裡。看2020台南市國慶煙火😊 …
0	把古老的傳說跟現代建築融合在一起，讓安平港多一個好去處，讚啦！
0	帶孩子出來放電好地方
0	家人休閒散步的好地方
0	適合大朋友小朋友，放風箏好去處
0	放風箏，看夕陽，吹海風，溜小孩的好地方
0	很好放風箏。溜小孩的好地方
0	遛小孩的好地方
0	是放風箏的好地方
2	螞蟻咬到腳 大家要小心
2	但撥一撥就沒事了～
1	記得帶面速力達母
1	平日來覺得有點冷清
2	假日來一堆小孩來放電
1	啊人真是矛盾 …
0	1.園區遼闊
2	2.無障礙設施
1	3.草坪廣大 …
0	休閒好去處
2	靠近岸邊的水上飄著蠻多垃圾，整理一下會更好
0	公園步道蠻寬，設計不錯
1	但可能剛好當天沒人值班掃地 …
0	公園很寬敞適合大人小孩, 可以在草皮上放風箏遛狗, 還可以在岸邊吹風很舒服
0	帶小朋友消耗體力的好去處  還可以餵鴿子
0	很棒的地方，可以看海，有大草皮可以讓小朋友盡情奔放，還有可以放風箏，周遭也有許多經典，也適合情侶散步。
0	環境乾淨停車方便
0	美麗安平港 放鬆好去處 媽祖慈悲
1	假日人多，有賣風箏跟泡泡的攤販
0	可看到海
2	可自行帶墊子或小椅子來放空休息
0	是帶狗狗來交流的好地方，風景漂亮環境也很乾淨，不用擔心踩到狗大便，是我在台南做喜歡的景點之一。
2	停車場大
1	整個廣場也大
0	可以野餐 吹吹海風 玩大泡泡 放風箏
1	看一個小朋友放風箏 才知道 原來訣竅也不少🥸 …
0	適合散步、全家旅遊的地方
1	放風箏，吹泡泡，戶外的好去處。
0	是台南新地標，
0	整個公園充滿舒適，
1	處處笑語❤️
0	晚上在這裡賞夜景相當美
0	很大片的草地，
1	寬廣到雙十看煙火也不會很擠人。 …
0	空曠大草地，放風箏，運動的好地方。
0	看夕陽放風箏的好對方～
0	適合全家大小放風箏吹泡泡看海看漁船的好地方過個橋就可以到安平古堡安平老街
0	適合溜小孩的好地方！
0	人多地方也很大，溜小孩和寵物的好地方，到處都在吹泡泡，旁邊還有遊艇經過。
0	很幽美的環境
0	很適合溜小孩
2	附近也有攤販賣泡泡跟風箏
0	適合小孩，風景美，空氣好
0	周邊有安平港，小吃，老街，吃完逛完來公園看海景放放箏，親子同遊或帶毛小孩溜躂的好去處
0	很棒的散步地點，平日超舒適
0	美 台北人會再來
0	小朋友最佳跑跳場所，中秋夜烟火連天，好美也好熱鬧
1	有綠地有遮蔭，下午去野餐也不會熱昏
0	超寬廣的地方讓我心情很放鬆😌 …
0	面對安平港出海口，風景優美，佔地寬廣，適合散步、遛小孩，周圍樹蔭很多。
0	這個公園的歷史不久，約莫二十來年，從一般的公園之中有個媽祖像，到現在的綠意盎然，鄰近海港，因為風大，居然成為放風箏聖地，平地草坪都能看到大大小小的放風箏的人們，在媽祖面前放風箏，彷彿可以得到媽祖的庇佑，放風箏祈福由來已久，用歡樂供養媽祖更是獨樹一格，這裡離市區有點遠，但是不知道從哪裡來的朋友攜家帶眷，有的放風箏，有的隨地而坐，有的推著娃娃車，有的開始捉迷藏，開始追逐，來到這裡，似乎都回歸最輕鬆的一面，不知是不是眼花，媽祖像看來很開心。媽祖像不像廟中的莊嚴肅穆，反而是蒙娜麗莎似的神韻，見仁見智，開春之際，來到這裡，心情也開心，似乎就開運了。最大的開運方式，的確就是讓自己開心呀！
0	散步好去處
0	放鬆的好地方
0	很舒適 很適合散步 園區範圍算大 有時候還會有不同的活動
0	放風箏的好地點，適合帶小孩來
0	適合全家大小來此遊玩放風箏欣賞港口風味，附近有安平古堡安平老街億載金城古蹟巡禮美味小吃伴手禮一應俱全，停車也很方便。
1	蹓狗 小孩放電好地方
0	賽小孩、老人、寵物；約會的好去處，越晚越美，可以放風箏、大聲跑跳蹦，也可騎著單車享受迎風感，重點：自己帶來的垃圾請自行帶走，留下好的環境給下次想來的人🤗。 …
0	好輕鬆。很棒的假日好地方
0	林默娘雕像為奇美實業創辦人許文龍於2001年捐贈給市政府
0	1. 騎腳踏車、放風箏、遛狗都很適合
1	2. 感覺以前的狗狗比較多，現在好像變少了 難過😫 …
0	林默娘公園在高雄海邊，佔地很廣，想去看海或船，帶小朋友或另一伴去走走寬廣的綠地……
1	許多人在這邊放風箏、遛狗
0	很美的公園👍👍 …
0	下午時常有狗狗聚會，可欣賞各種狗玩飛盤或奔跑。靠停車場那側有很多造型奇特的風箏，也有給小孩玩的肥皂泡。面向魚市場那側是專門留給喜愛樸實沉靜的人，平靜且乾淨的港區水面，偶爾有魚群或船經過，閉眼可仔細聽到海浪、城市的聲音。佔地廣大且適合各種類型的人，很適合當地人或旅客到安平吃飽時休息的景點。
2	這裡幾十年沒來己變成市區公園，旁邊也都蓋起房子。
0	夏天來一定超讚，看著安平港口，吹著海風光想就很舒服。
0	放風箏跟小朋友 毛小孩的好地方
0	休閒的好地方，後面就是大魚的祝福
0	天氣不錯 空間也很寬闊
0	視野寛廣，賞夕陽，溜狗，漁船出港捕鱼……
0	風足夠大適合放風箏、登高可以看到夕陽海景、攤販賣的風箏很厲害～
2	適合吹泡泡。放風❤️
0	風景很美，但風沙太大
1	適合曬太陽的地方
0	水光美境 淨呼吸
0	週末小朋友的樂園，如果不曉得要到哪裡玩，來這裡就對了，適合野餐，踢球，玩泡泡的好去處
0	小狗、泡泡還有夕陽 有時候會有人唱歌
0	適合放鬆的地方
0	林默娘公園在台南安平區，佔地面積兩公頃，民國九十三年四月正式對外開放。林默娘公園的建造工程共斥資兩千多萬元，由台灣著名奇美企業旗下的奇美文化基金會所捐建。公園內有大片翠綠的草地，可以帶孩子到此放風箏，也可在此觀賞夕陽西下多變的雲彩。園區有多座大型雕像，媽祖林默娘的雕像皆雕製為少女的模樣，並設有「孝女成道」之石碑，意在期勉青年能學習媽祖的孝道精神。公園中最特別的就是林默娘花崗岩雕像，這座雕像高度為十六公尺，基座為四公尺，是中國廈門大學李維祀教授的創作品，柔美又不失莊嚴的雕像正望著安平港口，就像在守護著海上來往的船隻。
1	樹蔭下很涼 還有人在賣風箏
2	沒事可以來散散步
0	地方大，停車方便，風景美好😃😃😃 …
0	很舒服适合亲子及情侣
0	空間大空氣好
0	來這參加自然能源推廣表演，整場都是用自然能。
0	很大的有寬闊的公園，曾經連續兩年在這裡舉辦臺灣燈會，在整理成公園之前是一堆一堆的牡蠣殼，現在是一處有停車場的公園，停車很方便，適合來這裡遛小孩、放空、吹海風、放風箏、散步、運動、玩遙控飛機...
0	星期六日很多狗狗可以玩
0	遛狗天堂
0	運氣好可以看到遛貓
0	停車方便，風很大，有大草坪，適合放風箏
1	旁邊還有船隻進出，也有相關景點，可以安排半日或一日遊
0	來了安平，請記得一定要來這裏。前有"大魚的祝福"，後有"台灣戰船"與"德陽號驅逐艦"。在公園裏，有大片的草坪可以讓毛小孩奔馳，讓小屁孩放風箏，讓男女曬恩愛…。反正，不來就是你的損失囉！
0	公園很大，許多飼主帶著狗狗們散步，亦有許多家長帶著小朋友放風箏。夕陽西沉時，陽光灑落在公園旁的海面上，非常漂亮。
0	很棒的公園，能夠增一些遮太陽設施更好，我中午去很熱的，尋問當地人士才知他們中午是不出門的，我 哈哈…
0	風景秀麗，停車方便
0	停車位多，對與台南景點來說比較安靜不會吵雜，公園有維護，不髒亂，可以放風箏，帶毛小孩的好去處。
0	放風箏的好地方
0	每年必來的公園。知道的都懂
1	適合放風箏，拉大泡泡，遛遛毛小孩，也可以讓小孩去草坪消耗體力，只是現在停車場都是收費了，沒有免費可以停車了！不過還是值得啦！
0	緊鄰港口內 港邊風景很美 附近還有大鯨魚地標
0	大概是全台南最多人遛狗的公園
1	很多狗狗會接飛盤 有興趣的可以在這交流 …
0	公園超大，風景美，還有豐富的生態(魚.螃蟹.鴿子.松鼠.麻雀)，很適合遛小孩(放風箏+吹泡泡)和毛小孩(盡情奔跑和其他毛孩交朋友)的好地方，適合放空和運動，餓了還有很多小攤販，推關東煮和雞蛋糕!!!
0	非常棒的親子公園，建議下午較不熱時前往，面海無敵海景，也可讓小孩放風箏+滑草（需購買塑膠板150元），每次來都覺得很放鬆
0	週六晚上大約9~10點，還很熱鬧，有街頭藝人在唱歌
0	是個親子出遊，放鬆的公園
0	養狗、愛狗人士可以大家交流
0	有在規劃的景觀公園，假日野餐，遛狗，遙望大海，鄰近碼頭，是個假日休閒運動的好去處。夜晚有時還有意想不到的車內史杯秀。
0	很棒很舒服的的大公園
0	運動放鬆的好地方
0	遛小孩的好地方，大人還可以欣賞海景
1	可以放風箏的地方，腹地夠大，旁邊還可以坐船，帶小朋友去一個下午都不是問題👍🏼 …
0	鄰近岸邊，有大片草地可以供小朋友玩耍，小狗散步，搭配強盛海風，可以放風箏與泡泡。在假日十分適合旅遊散步，不時會有攤販與活動表演。
0	在林默娘雕像旁有腳踏車可以租借騎乘十分方便，公園內有設置男女廁所與無障礙廁所。
0	下午很多人在這裡遛狗，是愛狗人士交流的好地方，順便讓狗狗交朋友，旁邊即是運河出海口，景色悠美。
0	把這個公園走完應該可以瘦一點
0	又能享受風景，還有Tbike~(沒有打錯）
0	非常的優雅與青邑，靠近船隻的停止、休息、與補充材料和汽油的位置地點！整個公園非常的清新自然，超大量的青草草坪地和樹木與小花朵，而且有兩尊林默娘的篆刻石像（兩尊在不同的地點），今天是周休二日所以有不少的同學、情侶、家庭大大小小一堆人都一起出遊而到了此處，看來大家都很開心的四處走動並拍照，林默娘還真是偉大的先人，讓所有的遊客都能滿心歡喜的在公園裡玩樂並且照很多照片，景色也是無恙可舉，真是完美無缺！讚喔！
0	下午可以花個50元買個泡泡玩，感覺就可以度過一個悠閒的下午，適合親子或者帶毛小孩去
0	放風箏和溜小孩的好去處
0	真的美
0	尤其傍晚更美
0	當時在對面的咖啡廳打工真懷念
0	但風景依舊的美❤️
0	腹地大，適合全家健走
0	下一點點毛毛雨，涼爽風很舒服
0	佔地遼闊，有寬闊的草地，適合帶小朋友或寵物來放風，會玩的很開心。一邊臨安平港跟魚市，可以看到河上風光。晚上配上路燈也別有一般景色，適合吃飽飯，家人或情侶散散步。
0	港邊景色非常的優美，假日常有很多人潮與一些攤販擺設，很適合遛小孩的地方，假日晚上也常有一些音樂表演，也是台南第一次辦台灣燈會的地點，目前還是大眾口中動線最好的地方
0	家庭假日戶外的好去處
0	風景不錯，車好停，走過去點，還有很多可愛狗狗，在玩耍。
0	放風箏吹泡泡，風景怡人
0	悠閒放鬆好去處
1	今年一月去，風大卻不冷，適合散步放風箏，若無法自備風箏，附近也有一些攤商販售，感覺是個適合東日曬暖陽的景點
0	值得來走走，放電小孩，放鬆休憩的好場所。
0	公園步道`景觀佳環境優 夕陽美 ，運動散步談心的好地方。
1	上午過來，沒什麼人，很適合放風箏，只是我們的風箏不夠力XD
0	此地方為台南知名景點，適合踏青散步野餐，更多人在此放風箏！旁邊港口更可看到各式船艇停泊
0	假日下午都有狗狗聚會，很棒！
0	休閒好去處
0	很適合全家大小來玩又放鬆身心*好停車*有備廁所*附近有毛小孩遊玩的地方*安平*遊船可坐（需要買票）*大鯨魚*很多景點*交通便利*有公車處等車。
0	這裡讓人能有放鬆假日的下午,綠草地孩子的奔波嘻笑聲,石頭旁情人手牽手看著即將下山的熱情太陽,對面也多了夜市,讓傍晚時可以吃點小吃充飢一下,重點公共廁所還滿乾淨著
0	假日散步的好地方~
1	風很大，所以也會有人在這裡放風箏
1	而且有很多人在這裡玩耍 …
0	安平區一個很棒的地方，戶外活動休閒好去處，可以看海，海上還有船隻進進出出，放鬆心情，佔地很空曠，停車場很大，不用擔心停車問題，還有一個廁所，有附身心障礙專用廁所，空間大，這裡有樹木，夏天可以在底下乘涼，草地很空曠，可以放風箏，踢球，騎單車，休閒活動很適合，每每想放風箏與跟小孩活動，最佳的場所之一，值得一來再來。
0	草地腹地大可追逐, 風箏, 野餐，不錯放電景點
0	台南市最美麗的公園……
0	佔地面積大， 停車方便 公共設施做得不錯 都有專人在維護 周遭 有不少的藝術創作 船隻進出也是一種美景 在晚上 常有情侶逗留 既是這樣 讓人安心的地方
0	很乾淨，也有停車場以及廁所
0	附近有收費停車場，公園部份佔地算大，不過地上的草是有一點長的品種，適合帶小孩出來走走
0	放風箏的好地方
0	肖伯納講過一段耐人尋思的話，有機會出去的話人人都要離開監獄。但願諸位理解後能從中有所成長。高士其說過一句很有意思的話，知識猶如人體的血液一樣寶貴。這激勵了我。在這種困難的抉擇下，本人思來想去，寢食難安。我們需要淘汰舊有的觀念，烏納穆諾告訴我們，當你開始依照習慣行事，你的進取精神就會因此而喪失。這段話看似複雜，其中的邏輯思路卻清晰可見。可是，即使是這樣，林默娘公園的出現仍然代表了一定的意義。俗話說的好，掌握思考過程，也就掌握了林默娘公園。 …
0	林默娘雕像很大很壯觀，有種莊嚴的感覺
0	整個沿著河邊的公園超級大!!
0	重點是這裡看夕陽真的很美啊!!
0	假日午後很適合帶孩子來這邊
1	放風箏 遛狗 吹泡泡 騎腳踏車
1	附近也有攤販可以買點心吃
0	平日不多人很悠閒，假日的時候很多人放風箏  很多小孩在玩泡泡，另一邊則是很多狗狗，讓人在這裡就覺得很舒服很悠哉😆 …
0	平日不多人很悠閒，假日的時候很多人放風箏  很多小孩在玩泡泡，另一邊則是很多狗狗，讓人在這裡就覺得很舒服很悠哉😆 …
0	林默娘公園
0	很棒
0	停車方便 緊臨海港  有一股海與漁民的味道  腹地大  曾是花燈的展示地  清晨黄昏適合運動的地方 可看黃昏晚霞 的佳地  有漁人碼頭在旁 可搭船遊覽  適合親子活動的場所
0	旅遊散心好去處
0	很漂亮的公園，還有很多風箏配夕陽很漂亮
0	寬廣美麗的公園，數量眾多的停車場、附有廁所。
0	假日很多人來放風箏，絢麗的天空美不勝收。
1	假日人潮洶湧 可以帶愛犬來散步 丟飛盤⋯
0	也可以讓愛犬與眾多狗狗交流 玩耍 跑跳！
1	放風箏在這裡是常見的 野餐等等..
0	很大的草原，超適合親子遊樂
0	溜小孩的好去處  放風箏  可讓他們學習著如何向上爬升的意境
0	林默娘公園
0	夜裡的林默娘，夜色美，適合放鬆的好地方
0	吃完東西來走走滿不錯的
1	每個月靠近農曆15或是滿月的那個週六，皆有台南市天文協會擺設望遠鏡觀看月亮及行星，並辦理天文講座，涼風襲襲非常舒服的環境，
0	到台南剛好路過，很適合放風箏的時候，小孩很多，環境乾淨整潔
1	腹地大 場內無電線桿 適合放風箏吹泡泡 周邊有停車場方便停車 鄰近就是安平老街美食區 餓了就算吃也不用煩惱
0	很寬廣舒適的場地，可以散步、跑步、騎腳踏車、遛狗、放風箏、看海、野餐...功能性很不錯的公園
0	海風好舒服
0	假日遛小孩 放風箏 玩泡泡
0	媽祖的尊像很莊嚴
0	是散步及運動的好地方，景觀美尤其在那裡看日落也好美，其實台南很多地方都很漂亮，住台南真的很悠閒很幸福
1	轉載台南市政府觀光旅遊局
0	來到安平漁港邊，最顯眼的莫過於聳立在港邊的林默娘雕像，有如台南的自由女神般的看顧著每天進出的船隻，白天的藍天白雲讓媽祖有如身在雲端神力無邊，直至黃昏，父母親開始帶著小朋友們出來散步，孩子們在周邊的草皮開心跟著泡泡街頭藝人嬉戲，或是放著風箏，當中也有不少主人帶著毛孩子解開束縛，歡欣的在草皮上奔跑。 …
0	放風箏的好地方！
0	很適合來這踏青 遛狗
0	靠近海邊，可觀日落
1	有大草地，可放風箏
0	是個休憩的好地方
0	冬天有時候會在中午左右的時間到公園去逛幾圈曬太陽
0	好停車，有大樹，有綠地，也有廁所！天寬地大，逛完擁擠的安平老街，可以來這裡放鬆一下！
1	兒子到哪都要嚕他的車車😅 …
0	親子出遊的好地方，有人放風箏，有人玩泡泡，夕陽也很漂亮，而且附近又新設臺灣船園區也值得一遊。
0	因為以前
0	我常帶我狗兒子來這玩
0	因而認識很多汪星友 …
1	很空曠很多人放風箏，街頭藝人兔兔11/28和11/28都有去表演，可排隊拿氣球，捐贈隨喜。
0	造景美，鄰近海邊，可看到漁船兩三艘悠哉的緩緩駛過，偶有樹下一隅處，讓雙腳可以暫時歇息，很棒的一個景點~
0	適合全家大小來走走的公園，靠近安平的鬧區，走路十分鐘可以到。晚上遛狗跑步的人也不少。
0	帶小朋友走走看看古蹟長個知識，沒想到林墨娘公園還有大型泡泡可以玩，小鬼們玩嗨了，我的手機記憶體也快沒了，還好遠傳速度超級快,馬上就幫我把照片上傳，真的很方便，可以繼續拍拍拍
0	可以在港口看到夕陽，停車位多(但假日還是有可能客滿)，景觀也很好，假日有很多賣風箏跟吹大泡泡的小販，很有趣
0	在地景點
1	適合放風箏，吹泡泡，附近買泡泡的老闆娘很好，讓我們用完一次還可以「續杯」
0	很適合親子
0	5點後 涼爽的天氣 還蠻適合帶小孩來玩 放風箏 40元的泡泡水 大人小孩同樂 停車又不用錢 不錯的cp公園
0	放鬆心情的好地方，有很大尊的林默娘媽祖像，下午常常看到有人放風箏跟遛狗，也很適合情侶來這裡約會散步。
0	週末時有很多人會帶著毛小孩來踏青並集中在一處草坪上，若愛狗的人可以跟狗狗互動
0	可以帶小孩來放風箏、野餐，或者是狗狗來這邊奔跑。不過地上有不少菸蒂...
1	車可以停在安億免費停車場後，在租借T-Bike，騎乘單車過來，可沿途繞去看德陽艦、億載金城或漁光島；建議安排時間可為上午6時或下午4時過後，較不會炎熱。
0	散步休閒，帶狗狗走走的好地方
0	是固放風箏的好地方，有很多大型的風箏在天空飄揚。
1	現場有很多風箏攤販，價格100元起。
2	我們買了一個烏賊風箏350元。
0	林默娘公園最醒目的景點是一座巨大的林默娘石像。主要的事蹟是紀念媽祖為了守護漁民的安全在海邊提著燈籠為漁民導航回港。這公園在安平港旁邊，可以串連台南安平區好幾個景點一直逛下去，公園週邊有好幾個Ubike站，可以借用自行車🚲來逛會比較節省時間。附近有原住民公園、港濱歷史公園、億載公園和二鯤鯓炮台（億載金城）、台灣船公園和安平情定碼頭德陽艦公園等。有很好的自行車道和海濱長廊可以看海、吹海風、看夕陽。也可以閒閒的坐在岸邊的椅子上看對岸的漁船進、出安平港。 …
0	很棒的公園 可以觀賞星星天文好所在
0	很適合野餐、散步、蹓狗、蹓小孩、約會的地方～想耗時間來這裡絕對沒錯！還可以看日落，很浪漫～～🥰 …
0	放風箏的好地方
1	假日下午適合全家大小休閒的場地。能玩水泡泡，一盤水40元。也能放風箏，風箏100元以上。
1	依水公園,有得玩.有得吃.地方空曠好停車,不須花停車費.
1	在這裡瘋狗亂跑,狗主亂叫,小孩亂跳,很好的全家休閒場所.
0	放風箏的人多，也可走一大圈，有小夕陽
0	適合小孩大人來玩
1	有新建兒童設施
0	來這邊除了留小孩留狗就是騎腳踏車了，結束還可以到附近吃燒烤，或是到老街吃甜點
0	來這裡約會行程很好排
0	地方很大，風景不錯，尤其夕陽很美，可放風箏，吹泡泡，騎單車，遛小孩，附近也有很多景點可逛，附近也有一些好吃的餐廳，停車也很方便，是假日好去處。
0	建立放風箏自信的好地方
2	小小後悔沒有買風箏阿伯推薦的三個一組的風箏
0	推薦大家聽聽阿伯真誠的推薦
0	星期日晚上來散步散步也可以享受一下薩克斯風音樂真是一個很好的地方
0	適合親子活動
2	心情鬱悶浪留連的好地方
0	很多狗很可愛
0	公園周圍就有免費停車格，好停車
0	地大，很適合遛狗遛小孩放風箏玩吹泡泡散步
0	晚上很安靜、沒有人車的擁擠，散步、休閒、聊天的好地方，夏天蚊子多，需做好防蚊措施
0	星期天下午毛小孩的天堂
0	早晨的雲彩
0	輕盈的燕子
0	活潑的麻雀 …
0	適合帶小孩放風箏、散步
0	佔地廣大
1	提供小孩放電、玩風箏、吹泡泡的好景點
0	還提供很大的草原 讓寵物可以非常足夠休閒的空間
0	看到親子互動。很多人玩風箏和吹大泡泡。又可以看海！讓人很舒服！
0	好停車，空間大適合跑跑跳跳，但小朋友要多注意，放風箏的人也很多，要注意風箏線
0	這是溜小孩或毛小孩的好地方，會有人在這邊放風箏。以前為了保佑出海的漁民，所以會在海邊蓋媽祖的廟或雕像。
0	三四點有很多狗狗聚集，很可愛，小孩放風箏，放風區，地大，好停車，
0	好多動物！
0	欣賞日落最佳地方.
0	很適合帶小朋友跟溜小狗
0	是一座很療癒的聖母像，外來遊客在這裡絕對可以待上一天流連忘返。
0	下午風景最美，人潮最多。
1	對岸有海產餐廳，現撈。
0	很不錯的散步地方 還可以看到船 下午會有很多可愛的狗狗喔   推 👍👍👍👍👍 …
0	是個很值得來的地方
0	真的很像沙漠，很美、很療癒❤️ …
1	開車到這裡會有一種錯覺，人煙稀少外快到時，兩旁的魚塭讓我覺得好有壓迫感，問了當地的人才知道，要再往裡頭走。這裡好熱風沙蠻大的哦！走的時候有些沙是會陷入的，必須要小心謹慎一點的走，是壯麗景觀可是要做好防曬，不然會熱到受不了啊！
0	藏身於田野小徑當中
0	路途遙遠但非常值得
2	可以往裡面開 不然停在外面的話要走一段路 …
0	踩在細砂堆積的沙丘上，非常舒服、景觀也10分的特殊美麗！冬天景觀最好、但小心風大，其他季節要防太陽曝曬，所以傍晚最適宜，夕陽也最漂亮！
1	記得要帶拖鞋😆 …
1	這是一個沙洲，乾燥的時候來可以看到類似沙漠的感覺，下過雨的時候來又是另一個景象。
1	導航就可以到達，到底會有一塊小空地可以停車，然後右手邊的沙洲落差高底比較大，不好爬，可從到底的路，步行往前走就可以看到更廣大的沙洲了！人煙稀少風大，3/5號中午11點左右前來～
0	沙子很細，環境也很乾淨，孩子可以在這裡玩大半天，只是沒有遮蔭，太陽很曬，比較適合3-4點以後或傍晚再前往。
2	附近沒有地方沖洗，車上帶一桶水，上車前再清洗就可以了。
1	隨手拍幾張照片，使用iPhone內建一鍵傻瓜調色功能，每個人都可以是網美😄
0	即使疫情期間無法出國，也能享受一份異國風情。台灣真的很美，大家要好好愛惜 …
1	台南秘境沙灘 建議穿拖鞋來 那個沙子進步鞋我洗了兩次才洗掉
0	彷彿在沙漠上的秘境，有台灣最西邊的燈塔，夕陽氣氛相當棒，不過沙丘起伏大，需要用一點腿力
0	非常有孤獨美感的景點，我是下午5點日落前去的，因為是沙灘所以要有沙小灌入鞋底的心理準備，也要注意沙灘上其實垃圾爆多，找拍照點儘量避開它。
0	很不可思議的地方，沙丘很高好像沙漠，沙子很細，靠海那側的沙丘很壯觀很美，風大時會吹的全身沙，沙子被風吹時的波浪很美
0	原本以為就普通沙灘，結果真的很好拍，真的很漂亮，非常推薦接近夕陽的時候去
0	台南最佳景點，日落前來到最好，讚嘆大自然的鬼斧神工，希望不會消失
0	很棒的地方，真的很有沙漠感！
2	建議穿拖鞋走沙灘，比較不會弄髒鞋子！！
0	台版沙哈拉沙漠，不少攝影師跟婚紗照會選擇此處拍攝！建議天氣好或黃昏時候再去，可以拍出美麗的沙漠照。
0	多年前初訪，夕陽非常美麗，砂丘有日本鳥取砂丘的感覺，此次二訪，雲層厚，沒有看到夕陽，可惜了
0	台南之旅必去秘境景點「頂頭額沙洲」，位於台南七股，因強風而形成的沙丘景象，吸引許多人到訪，並有「台版撒哈拉沙漠」之稱的世界級美景！ …
0	在海邊這兒風沙非常的大，全身都還是沙（眼睛、耳朵、鼻子、頭髮、衣服、鞋子），連嘴巴都會進沙，但是拍照非常的有意境，很美。
0	超壯觀的台版沙漠，小孩玩得不亦樂乎不想離開😄 …
0	西部海岸特有沙洲地形彷彿來到沙漠，可惜與大園沙洲一樣疏於管理
0	台版沙哈拉沙漠，在台灣能看到這樣的景色，真的特別，很美
0	台版撒哈拉沙漠，整個沙洲超級大片，
1	可以光腳踩，很乾淨，沒有碎玻璃，
0	很慶幸欣賞到蛋黃夕陽，實在太美
0	很特別的景色，剛好平常日又是比較熱的時候去，車輛比較少不用會車，不然路很窄
0	超級好拍照的地方 親眼看到滿壯觀的😍
0	沙子超級細超有質感
2	建議不要穿涼鞋或脫鞋 沙很燙😂 …
0	真的很特別的感覺
0	有種誘惑
0	疑惑 …
0	非常漂亮
1	而且人不會很多
2	當天去只有兩三組遊客而已 …
0	能有沙漠國家體驗的地方
0	拍婚紗照也蠻有感覺的
0	沿途路徑較小，開車要注意安全，地方較偏僻，盡量結伴前行
0	夏天有夕陽的某些角度會很像在埃及開羅，算是一年四季都有可以拍的景
0	冬天風雖大  但風吹來了美麗獨樹一幟的沙紋和沙丘稜線
0	夏天無風 雲彩有戲  多雨  卻也帶來一灘灘水窪  倒映夕陽霞彩的美  也是極西燈塔  國聖燈塔所在地  晚上則是攝影人拍銀河的聖地  無光害  但極偏僻  野狗多
0	隻身前往  需注意安全  結伴通行會較心安
2	附近沒有居民沒有住家 也沒有什麼遊客！
0	讓我更認識台灣的環境樣貌！很酷！
0	如果你來到台南，想要去海邊踩水或是看夕陽，只去漁光島真的太可惜了！頂頭額沙洲是非常值得一去的地方！那裡有一大片的細軟沙子，就好像來到沙漠一樣，等日落以前，可以在沙丘上拍拍照：一望無際的大海，真的是海天一線！還有台灣的最西端：「國聖燈塔」也在這裡！！我認為如果要看夕陽、看日落，一定會比漁光島要好，因為太陽就在正前方，也沒有什麼障礙物遮蔽。⚠️⚠️要特別注意的是來到這裡的路其實並不好走，越接近海邊的路會越來越小條，也沒有路燈，有時候會有狗狗跑出來一同追風（被狗追），所以一定要特別小心。
1	建議太陽不是很大的時候去，沙漠是沒有樹陰的，打赤腳要注意沙灘的砂會不會太燙！東北季風的時候不適合去，會滿口砂！停車位沒有很多大約6-8台車可以停 ，回程時候會經過南彎碼頭有廁所，可以沖洗手腳，無淋浴，碼頭旁的石頭有許多螃蟹  小魚    來這邊記得帶帽子~墨鏡 防風，防曬，防紫外線！
2	這次沒有走到後面全是沙的地方
1	
0	夕陽非常漂亮很浪漫 …
0	風很大 頭髮一定會打結 但真的很美🥹
0	彷彿在沙漠區一樣 缺一隻駱駝哈哈哈哈 …
0	台灣有這樣天然的景觀非常美麗
1	風很大
2	進入裡面進來不要帶太多東西 …
0	傍晚來很美 很像在沙漠一樣👍 …
0	放眼望去很像沒盡頭的沙漠，進來的路有點狹小在會車時要注意，非常適合帶家人小孩來遊玩看夕陽
2	📅到訪日期：111/04/16📅
0	很美的沙洲
2	風很大.建議戴眼鏡 …
0	很美很乾淨的沙灘，但較建議夕陽西下時前來，可以欣賞到非常美的畫面，也可以替自己與親友們留下美好的畫面。
1	20幾年前路有在清砂 車可以開過去，
2	可能積砂速度太快就不清了 變沙漠。
0	沙洲秘境 建議傍晚來看夕陽最剛好
2	太早來沒有遮蔽物 會曝曬
1	有一點像越南美捺的白沙灘
2	瘋狂玩沙的地方。沒有地方清洗。
0	很特別的地方，喜歡自然風吹沙痕跡。那種自然的紋路，還有踩在沙子上的感覺
0	台南秘境！真的好美，風超級大，人會被吹走
1	這次來也沒什麼人，路上小路崎嶇就是了
1	地點很偏避，景點風景很特殊，行車必須小心狗亂入，由Google 導行到目地，從擋車石入叢林小徑，就到目的地，傍晚日落風景級佳，蠻推薦去看看景點
0	中秋連假，玩轉夕陽，把夕陽捧在手心，或太極出拳，或圈住夕陽...，覺得頂頭額的夕陽，跟自己好貼近。
1	頂頭額沙洲，感覺很陌生，今天是第一次來這裡玩，但它卻有著“台灣的薩哈拉沙漠”之稱。
0	沙洲地形，忽高忽低，比屏東九鵬沙灘，更有沙漠的fu。夕陽真是美啊！ …
0	現場很美 一秒到沙漠的感覺
2	建議風大時不要前往🫶🏻 …
0	停好車走進去 被眼前的場景震撼一番
1	沒想到台南也有沙漠
0	很漂亮也很寬廣
1	不過風真的超級大😂 …
0	隱身在台南七股區的海邊，在台灣很難得可以看到有這麼美的沙丘，感覺就置身在沙漠之中的綠洲！停車可以停在國聖燈塔的旁邊，沿著小路或沙丘頂走進去。平常很炎熱，建議下午4:30（夏令時間）過後再去玩或拍照，也是能帶寵物跟小孩去瘋狂玩沙子的好地點！另外在大雨後也能看見很多特別的景色，可以去尋找沙丘中的水塘，它的倒影能夠拍攝很多很美的照片哦！ …
0	很特別的地方，看似無一物，卻讓我們待很久的地方。
0	非常美麗 ❤️😍😍😍
0	可以先去旁邊的什麼公園再過去
1	沙洲堆疊 …
1	有點偏僻
1	從市區過去要花點時間
0	景色很讚隨便拍都超美 …
1	20221009
0	愛情好像流沙 來台南一定要踩沙的點
0	日落美到你窒息 一開口就會吃風飛沙
1	風景還不錯的地方 只是來的途中有一小段路只有一台車的寬度，技術超爛的我只會一直倒車 好險對向技術超好的看準時機繞過去@@ 稍微用濾鏡相機app拍照就能有第三張的效果！
1	位置有點偏僻
2	開車來請注意路況 …
0	小鵝子想來的景點、台灣版的小撒哈拉沙漠、還不錯喔！蠻好拍的，是個非常適合愛拍照的水水喔！這裡的沙很細、鞋子一定會進沙、穿涼鞋會比較方便
0	台版的《撒哈拉沙漠》有魅力。值得一遊
0	緊鄰國聖燈塔
1	為一個臨海的沙洲
0	七股內海南端的屏障 …
0	可能是台灣唯一沙漠風光吧
0	早就想來極西點國聖燈塔，帶著小孩機車旅行沿著海岸線走，還能對照googlrle map確認這裡是台灣的最西點，很有教育意義，也看到漂亮的夕陽
0	非常舒服的體驗！很適合拍照！很有秘境感～
2	但請不要騎共乘機車，因為網路不好會有訊號悲劇...
0	美美的景點，但來的太晚了～拍了張全景
0	左邊有國聖燈塔
0	極西點 環島 哈哈😆 …
0	頂頭額沙洲太美了，像漫步在無邊際的沙漠裡，一點都不輸在國外看過的風景，真的是台灣撒哈拉！沒有公共交通 只能開車騎車去。
0	沙狠細，很好玩很好拍，滑沙會陷下去
1	夏天太熱冬天太冷，現在去正好
0	前往要備好全身都是沙的準備…
2	建議攜帶墨鏡、拖鞋等
2	才不會搞的非常狼狽
0	不過風景是真的美👍 …
0	超級美，沙子乾淨沒有污染物。也很細緻
1	台南七股 “頂頭額沙洲”
0	有台版撒哈拉沙漠之稱
0	一望無際的沙丘及海景 …
0	一開始進入的入口只有兩台車寬的距離，車子連要迴轉彎都很困難，建議停遠一點再走路五分鐘；沙洲的地型高低起伏不定，最好是穿拖鞋與短褲前來才能玩的盡興；沙洲綿延潮間帶，燈塔照亮西海岸是這裡的生態寫照。
1	沙漠+海灘的夕陽時間很美。會車是一大問題，路單行道大小而已。Google map上有路可以沿海灘旁走，但實際都是沙漠沒有路!!! 千萬不要衝動!!!
0	2/21約16:15到達，到達的時間對了，再加上好天氣，手機拍起來顏色就很飽合。大片沙坵非常壯觀，沙坵上看見遠處有境面反光，依方向走到海邊，果然是天空之境!!!，有夠幸運。因當日無風，所以沒有體驗到風大吃沙的樂趣(笑)... …
0	很適合帶小孩來挖沙
1	滿滿的大沙坑
2	沙洲沒有遮蔽物，太早去會很曬 …
0	很美也很棒的地方，傍晚太陽快下山的時候，夕陽加上人少，拍照怎麼拍都好看（人多的話停車不好停）
0	很寬闊的沙坵，走在上面沙很細軟，感覺很棒
2	2021.02.15
2	星期一
2	氣溫19度 …
2	風沙超大！記得穿拖鞋前往！某部分區域沙子細到小腿機會陷進去（還是我太胖了🤣 …
0	這麼美的地方，位在台灣本島的最西邊。因為空曠，所以受風的影響非常大。冬天東北季風的時候來真的會吹到懷疑人生，最推薦的時間是夏天，天氣好的傍晚可以看到紅色撒哈拉的美景。兩邊都有出入口，但google上有連起來的路其實是不通的，完全被沙洲蓋住了。路小條所以如果看到車多就要提早停以免無法會車。沙洲很軟基本上鞋子完全會進沙，穿拖鞋來是最好的了，這邊也是拍婚紗的熱門地點。白天來盡量做好防曬，晚上來可以觀星，但要小心蚊子多。
1	台版”撒哈拉沙
1	因強風而形成的沙丘景象，非常難得一見。 …
0	台南頂頭額沙洲是一片廣大的沙洲，沙灘的景觀很特別。原本以為可以開車從台灣最西㸃旁的國盛燈塔進到這裏，但是沙丘綿延車子無法直接穿越，需要從六孔遊客中心往黑面琵鷺棲息地這方向前進，過了南灣碼頭的遊客中心有一條小徑往前約500公尺可開往此處的停車場，停車場約可停5輛車。沿一條沙地小步道一直前進，穿過一片防風林可以到達目的地，真是＂山窮水盡疑無路，柳暗花明又一村＂。這沙洲上有很多外形奇特的沙丘景觀綿延幾公里，這是在台灣很少看到的景象，不收門票值得到此一遊。
1	我們是差不多五點多去來這裡走走
0	夕陽映在海面上搭配沙洲
0	景色非常漂亮，風很大，微涼 …
0	入口有一塊不大的空地可停車，穿過森林即可到達
0	有台版「撒哈拉沙漠」之稱
0	這裡看夕陽真的很漂亮
0	非常值得來追夕陽
0	非常之漂亮的地方，一進去第一眼看到是一整片像是沙漠的景像。不像台灣會有的風景，沒有什麼人，像是一個新的秘境，不過沙子很燙不要在中午期間去，會跟本走不了路。
0	蠻大片的沙洲地形，觀光客也不多，還蠻不錯的，但下午時間真的非常非常的曬，要來的人要記得防曬裝備跟水可以帶著～
0	遼闊的沙洲景致，光是前往的路上經過一處處魚蝦苗田之地景便值得觀光客一探，抵達之後車輛無法開上沙洲，但步行可以輕鬆到達，距離海邊大約兩百公尺的沙灘，簡易的燈塔與消波塊點綴了單調的沙、海與防風林。 …
0	很漂亮 很特別 很喜歡的地方
0	沙漠秘境欸
1	台灣有這種地方也是很特別餒
0	拍照很美
1	但真的很荒蕪，開車來都痛苦的那種程度。
0	真的很漂亮，像是在沙漠中的感覺
1	不過風超大會一直吃沙😅
0	夕陽也很美
1	路偏小條，開車前往要小心 …
0	沙灘很乾淨，像小沙漠，適合拍照，但風很大，小心帽子飛走。
0	本來以為是無聊的景點，結果很不錯，是個親近海與沙灘的點，日落也很美，很少看到沙灘有這麼多沙子，不過沙子很多很細所以不適合穿一般的鞋子來
0	台灣也有沙漠風光，不用特地再出國也能體驗到！台灣新秘境！黃昏時真的超好拍！
2	開車過來的朋友，在目的地前400公尺，看到路邊有人停車就要跟著停了，不要一直衝進去，最後約200公尺的路很小，遇到會車全部都會卡住。
0	位在台南的頂頭額沙洲是台灣的極西點，當地還有一座國聖燈塔🗼，是有名的打卡拍照地標🚙
0	前往沙洲的路上，充滿了蚵棚🐙，是很典型的西部濱海漁村景色🌊，但到了沙洲風景卻大轉變⛱️，頗有在杜拜看到的沙漠風情，算是台灣非常難得一見的景色 …
2	風超大😂，走沒幾步全身都是沙 …
2	夏天不適合到達，因為太熱了，適合秋天涼爽點在去
0	很美的一片沙洲，可以拍一下（你是風兒我是沙），哈哈，但是車子非常難出入，路小會車困難，是私密景點，帶小朋友來玩水、堆沙堡也不錯，水淺淺的而已，不過希望大家要有公德心，記得把垃圾隨手帶走，要維護好難得的美景。
1	路沒有全通，末段被沙子掩蓋，天氣好時可以拍出不錯的照片
0	有特色的沙灘景觀
0	頂頭額沙洲，適合觀星象能見度極高，在半夜時月光明亮讓人抬頭彷彿置身於星座盤底下，能看見北斗七星、天秤座和獵戶座。本身為沙洲的它沙質細膩，漫步當中好像走在舒服的沙漠。(本次為觀賞日出
0	意外的好玩！
0	清明連假到訪，本以為會陰雨綿綿，
0	沒想到賺到一個美美的夕陽，
1	一群人瘋狂拍照～
0	太美了～～～好沙漠的地方
0	抓好日落的時候，真的很適合走走
0	這邊讓人有種來到沙漠的感覺
2	建議赤腳或是穿拖鞋走進去
0	入口的路有點小條 …
0	台灣最西的燈塔（國聖燈塔），有台灣沙哈拉的沙漠地型景色，及豆腐岩海蝕刻的美景。
0	美麗的沙丘
0	細膩海沙獨特的景觀
1	沙洲非常大，只能用壯觀來形容，無遮蔽物，盡量在太陽小時再去，不然防曬一定要做好，很適合拍照
0	很有沙漠的感覺沙子也被風吹的像沙漠那樣一層一層很美，超級適合拍照，只可惜垃圾有點多，另外建議要去的人帶好眼鏡之類的，風很大眼睛嘴巴都會吃沙臉上也會吃沙
1	很不錯的景點，但入口停車處車子很難迴轉，要多迴幾次，騎機車比較方便，但回程路上傍晚蚊子雨很驚人，面罩滿是蚊子，身上也很多
0	非常漂亮，拍夕陽絕美～
1	很多婚紗業者來這裡取景，這裡的夕陽的確很美會讓沙子變成微黃色，但沙洲本人沒那麼黃，反倒是灰灰的顏色呦！
0	天氣好的時候照片拍照會很有意境，與台灣極西的國聖燈塔相鄰，走過小沙漠後會看到一片的無敵海景👍 …
0	因強風和季節不斷改變沙洲的曲線和外觀，成為台灣非常罕見的景觀。
2	被風吹到滿嘴都是沙⋯
1	七股有一個私房景點
1	《頂頭額沙洲》
0	台版撒哈拉沙漠 …
2	（太久沒出門玩所以來發之前去玩的照片！！）
2	海岸邊竟然能有那麼大的沙漠
2	一望無際而且有高有低 …
1	被私房景點稱為台南大沙漠的地方，離市區偏遠，有一片廣大的沙攤。
0	很震撼 很美 的地方
0	有 沙洲 海洋  夕陽 燈塔
0	沙 很綿密 穿拖鞋 較適合 …
0	風很大 但 很美很美~
0	希望來此的大家只留下美麗的照片而不要留下垃圾，
0	大家一起愛護環境，讓它一直美麗下去吧!
1	Wow大沙漠耶！
0	好壯觀
1	但是風好大 …
0	淒涼美，附近可以吃海鮮，早上來走走還不錯，晚上可能不建議
2	很大一個，不用擔心人太多沒辦法拍出想要的感覺。建議4點後去比較涼爽，太晚沒路燈要注意一下路況！
0	整體很漂亮但要小心一下風沙有點大
0	離台南市區有點距離，是一個有趣的景點，可以看到沙洲的景觀，建議穿拖鞋挑好天氣來，就可以拍到好照片
0	秋冬來訪的話，要注意安全；
1	因為強風吹拂～
0	很好拍的景點，彷彿置身在沙漠之中
0	搭配好天氣非常美！注意防曬
2	希望大家可以不要亂丟垃圾
2	看到垃圾真的覺得很可惜這個景點
0	經常來這拍攝夕陽沙洲 喜歡攝影的這裡很推
1	退潮時還能拍攝臺南版的天空之鏡
0	很壯觀，值得一遊，踏踏沙，踩踩水，很不錯，冬天的陽光不曬
0	真的像在沙漠，沙很細緻，位置蠻偏遠，要開很久的車，下次還要再來！
0	非常美麗但也很曬的沙洲，沙子很燙記得穿對鞋子再來喔！
0	這裡不是國聖燈塔嗎， 很大片的沙漠地形， 在這裡可以拍夕陽， 可以拍出不一樣的感覺
0	台版撒哈拉沙漠。
0	海砂灘面積、高低落差大，很壯觀
0	值得傍晚走走
0	也可再往前至國聖燈塔
1	我沒有下車诶 導遊不讓我下車 但是很好看
0	傍晚來看夕陽拍照非常好看！
2	說沒辦法進去的是走錯了，還要再往前開一點，不過晚上沒有路燈路也很小真的要注意不要太晚離開
2	建議帶拖鞋，離開的時候鞋子都進沙又髒髒的
0	快到的時候不要一直往前 看到有人停車就趕快停 走一點路看美麗的沙洲很值得
0	台灣島內難得一見的景觀，恰也是本島最西邊，隨著夕陽西下的光影變化超美，喔要記得戴口罩，也要保護一下電子器材
0	四季景緻都不同
0	很適合找私房景點 …
0	很漂亮的地方，很有特色，很像沙漠，中午時間來沙子很燙，夕陽西下應該更漂亮，不好停車，路很小條，從南邊來應該比較好停車
0	非常特別的地方，想不到台南會有這麼像國外的場景，因為地理環境造就出這個沙洲，真的很值得前往，在這裡可以拍出非常多的網美照，不過前往的這一天風很大，如果是夏天的下午去可能會比較好，如果有機會的話還會再來造訪。
1	很特別的地方，很難想像得到台灣竟然也有沙漠，疫情期間無法出國可以來這邊拍偽出國照還不錯，缺點風很大要記得帶墨鏡或護目鏡，還有無限吃沙的心理準備，可以穿拖鞋方便清理，路很小難以會車，盡量騎機車來較佳，外地人開車進去小路要小心駕駛！
0	非常漂亮的景點
2	平日來的話人少好拍照
0	很好拍的景，沙洲上也比較乾淨
0	非常絕美的地方，有類似沙漠的地方配上一望無際的海，真的是雙重享受！
1	拍起來超仙呀～外面草叢空地都可以停車
1	只是就是泥巴地那種，記得穿拖鞋較方便！ …
2	台南的文創努力程度就如此而已，挺失望的
2	直接整條封起來做行人徒步區吧～拚觀光做半套？ …
0	是很好的放鬆心情，逛街的好地方，也有很多小吃店，重要的是有免費觀光巡迴車可搭，每天上午10時起每20分鐘一班。
2	很無聊的街～到處都是煙味
2	一直花錢但又一直發展不起來的地方 但以前熱鬧非常，反差也太多了吧
2	地下停車場自動收費機太少，為了繳費車和人都要排隊！
2	找不到停車位
0	地下停車場頂上建的露天小展廳裡也有幾個雕塑，周圍沒什麼可看的。途中最好在車上看看附近值得一看的街道美食巷。
2	沒什麼特別的
2	有的像是硬彩繪的景點，沒有什麼可看性
2	不建議特別來
2	很無聊的地方，不推👎
2	小區域，彩繪有些脫落
0	老兵復興文化園區:
0	真實的有這個地理環境的存在，
0	但事隔久遠了，文化保存已大不如前的光彩亮麗了。 …
2	基本上沒什麼好看的，壁畫也處於年久失修無人維護的狀況。巷子約5-10分鐘走完就沒東西可看了。
0	逛逛眷村很開心!回味無窮喔！
2	就一條巷子，況且也不適合親子去！危險重重！
2	不好停車，且感覺沒有在維護畫壁都掉漆了。
2	粗糙的彩繪
2	最重要的是這裡根本不是眷村
2	這裡的彩繪已經很久未再補漆以致剝落頗為嚴重。
2	不優，很多彩繪都已經剝落，不建議造訪
2	見面更勝聞名 根本一點意思都沒有 還有兩隻特別凶的大黑狗
2	很爛🙄沒什麼好逛😑 …
2	不推 巷弄裡機車隨處停 影響動線和拍照 不需特地跑來這
2	老舊.退時.不復以往.不值得前往。
2	牆壁隨便塗塗顏色也能當景點？ 觀光客不用來
2	開車的就不要來了
2	不方便停車，且不需要
2	沒有在管理，色彩斑駁了
2	跟圖片差得太多了。而且沒有人維護
2	鍋燒意麵太鹹
2	很無聊，別浪費時間
2	不要來，來了你會後悔
2	只是路過沒感覺
0	就在高雄榮總台南分院旁
2	髒亂，🈚整理 …
2	老舊沒看頭
2	被照片騙了
2	無聊到哭
2	跟想像有落差..
0	很好
0	路過就好
2	沒特色
2	很髒亂
2	爛死了……
0	很懷念
2	沒有什麼
2	無聊
2	很爛
0	超雷！
0	很小而且不是很乾淨
2	環境還可以，現場烤香腸真的不敢領教，只是加熱完全沒有烤過，一點香腸的香味都沒有，吃的時候還有生豬肉的味道，這真是一大敗筆，這麼大的品牌真的很瞎。比路邊烤香腸還差。可惜了他們家的香腸。
2	在裡面購物逛逛，有看到香腸造型香皂、烏魚子香皂跟開運擲筊皂，小朋友好奇拿起來看開運擲筊皂竟然說小朋友把他刮傷，小朋友只有拿起來看並沒有去摳它，竟強迫我們要買，真是太過份了，感覺真的很差勁，爛透了
0	我覺得可以來拍照留念，很不錯👍
0	自己的食物，在市場上暫有率很高，但怎麼在自家中販售的食物烹飪真的不優，服務態度也不好，但停車指揮的人很棒，非常準確的指引位子。
2	不建議來，cp值低
2	買東西還要加稅，非常傻眼，店員一堆在旁邊晃來晃去，不知道在幹嘛，是擔心有人偷竊喔，臉全部一副裝欠他錢似的，賣的香腸根本沒熟，硬到不行，非常難吃。
2	結帳等待半小時以上
2	告知服務員我們停留時間有限
2	是否能開啓另臺收銀【沒用】
2	最後是導遊在去告知才開另一臺收銀
2	欺騙消費者，以後絕對不買黑橋牌。
2	兒子點，只有給一支德國香腸，向服務員反應，他們說只有一支/組，可是菜單相片有兩支，這樣是欺騙消費者
2	不太友善博物館！明明裡面還有車位，卻不讓重機進去停，要我們跟白牌機車停在外面停一起，請問白牌機車位大小能停大型重機嗎？第一次來，連進去都不想進去！直接去下一個景點！
2	你們熟食區的烤香腸方式真的在對貴公司做負面宣傳........吃完後完全沒有購買慾望........怎麼烤香腸，我想......要不請第一代老祖出山？？？？？
2	2/20  10:40 在3樓拍照時，副總的貴賓大嬸大媽團超沒禮貌
2	連旁邊的解說員也看著我們被人群淹沒 …
2	香腸 米腸沒烤過的感覺
0	希望小姐烤脆一點
2	卻回我「這都是熟的」×3次 …
2	工廠包裝部男課長就是在講你，眼睛長在頭上，對員工講話很不客氣，有必要對新進人員這麼刻薄嗎！HR不用去了解一下嗎，黑橋牌香腸好吃但人文管理極差超差，很多員工敢怒不敢言，讓這種管理階層存在，在裡面當皇帝，以後看到外面賣黑橋牌一根都不會買，如果有爛可以按，我一顆星都不會給
2	杰論：不好意思除了販賣部冷藏香腸外沒有照片，實在不知道要拍啥。
2	個人大概待了10分鐘，其中包含等待微波（？）加熱香腸肉包的三分鐘。 …
2	一點都沒有「觀光工廠」的感覺，此次沒碰到人家說的試吃，也沒有看到工廠端。
2	因為有廁所有冷氣，所以才有給一星。
2	2019-8-3去參訪，，，香腸一斤賣300元，約13條，實在買不下去，於是買了3條熟的香腸現吃（共110元），太甜，吃起來怪怪的。。。
2	現烤香腸販賣區人員對收銀機操作不熟練，建議需多加強訓練
2	今日在禮品區抱小孩出結帳區時,層架放在地上又無警示牌,造成本人跌倒膝蓋瘀傷,後方另名小姐跟結帳櫃檯反應，櫃檯也只回等下就要陳列了，又把層架放回原地,沒任何關心!
2	一根霜淇林「特價」65元，竟然說餅乾筒檢驗沒過，改用一個小紙杯裝！差那麼多，和牆上的霜淇林照片大小差三倍以上⋯⋯
2	當場翻臉退錢
2	已經有預約50分鐘的導覽，但卻導覽三樓而已
2	說了存載具結果都沒有 店員還說有，連實體發票也沒給我
2	便當只有一點香腸跟黃瓜幾片就要80..重點份量很少還很難吃....
2	散客無法入內參觀，只能在賣場逛，跟去全省各地的銷售據點購物無異，不用特別跑來！
2	雖然說是觀光工廠，實質上卻是販賣產品櫃台。
2	守衛你態度真的很惡劣，希望你一輩子當守衛
2	東西不好吃！又貴！
2	很不ok😡 …
2	今天去休館，樓上不能逛……
2	很大型賣香腸的地方 對散客不聞不問
2	不懂評價，因為星期一閉館休息。
2	沒什麼特點且售價昂貴。
2	服務很差勁!不會再去!
2	星期一休館，被騙了
2	服務觀感不佳，一問三不知
2	沒什麼內容，不好逛~
2	服務員太度非常惡劣
2	商品比外面貴
2	沒什麼！
2	家在附近 又吵又臭
0	不錯的地方
2	東西有點太少
2	動線很亂
2	不這麼樣
0	很方便
2	非常無聊
2	態度差
0	好
2	你什麼都看不到
2	橋下無業遊民太多，乾脆把蓋橋的錢拿來蓋一個收容所
2	還沒通車啟用的樣子，很多施工的圍籬，有一些情侶在裡面約會，有一些垃圾，有點髒亂，不像新橋倒是像是個荒廢的橋。
2	橋的燈光沒點亮，點亮因該滿漂亮的，然後橋是封閉的！
0	很適合看夜景吹吹風的地方，無奈晚上太多小混混，騎著改管的摩托車大聲咆嘯，情侶或隻身前往的旅客要注意安全。
2	浪費錢，把這筆經費給我不知該有多好?
2	已封閉多年，空有地表可惜啊！
2	一直不能通行 ，都不知除了拍照還有什麼用
2	這是一座身為台南市人的悲哀。一座橋蓋好了10幾年無法通車。另一側還有一座也是。許添財市長時的產物,被監察院糾正過。不痛不癢。市民對這些莫名其妙的公共設施還能繼續容忍,不知道算是寬容大量還是無奈。
2	花人民的血汗錢，結果卻是一座好幾年都不能通行的橋@@
2	浪費人民的血汗錢
2	無法通車
2	未完成
0	市區里輕鬆散步 親近花鳥的好地方 木棉均已含苞准備怒放了
2	光禿禿的草地 …
0	台南市文化中心對面原本的名稱18號公園，就是為了紀念新樓醫生巴克禮外國人 而改名， 基督教長老教會強力握斡旋下於2003年6月5日（一八七五年六月五日，是巴克禮來台日）正式更名為「巴克禮紀念公園」。
0	綠蔭盎然，散步運動休閒的好去處
2	沒有廁所，沒有兒童遊戲設施展，沒有健身運動器材，沒有休憩涼亭，沒有清潔水龍頭，部份園區道路設計太窄，園區無花草美化，池塘溝渠數十年未疏浚....。
2	養護人員根本沒在認真照顧花草，只會走來走去觀察路人，要賞河津櫻的可能要失望了，照顧得很不好，根本沒幾棵瘦弱的櫻花，只有有毒的夾竹桃稍微能看而已！
2	小黑蚊有夠多
0	帶食物來野餐 才發現原來我就是食物啊！
2	這裡的狗都太兇了…
2	帶小狗去連人和狗一起被咬….
2	小黑蚊爆炸多！！！！！！停留不到20分鐘大人小孩都被咬爆！
2	小黑蚊有夠多
2	植物雜亂不堪！
0	都市有這樣的地方 值的推薦
0	很好的休閒地方
0	像夜市一樣擁擠
0	很干凈很漂亮
2	很多人抽煙。
2	小黑蚊很多
2	無聊的地方
2	小心野狗。
0	非常好
2	這裡評價應該是洗出來的！
2	非常無聊的鐵皮屋 ，蘭花也沒幾盆
2	沒有事先問人家需不需要如此！二組家庭硬要我們一起結帳因有滿額禮請問一份滿額禮怎麼分兩家人呢？
2	刷卡了不能分開了！
2	免費停車場
2	但真的很無聊
2	一下車蘭花施肥的味道太重，整個園區就一艘破船擺著給你拍照，裡面賣蘭花相關的盥洗護膚品。沒了，對蘭花沒興趣的不用來
2	幾盆蘭花做招牌
0	1.環境很好，很適合來散心走動。
2	2.乾淨，只是有豬的糞屎味飄過。 …
2	農曆年每人收150元門票，主要是多了一些遊樂設施，不過主要是給小朋友玩的，大人進去實在不划算，四張門票玩八次骰子遊戲，共拿8個乳液試用包，加上館內展覽的東西不多，主要是買架上商品，真的有種被騙門票的感覺，若門票可以直接折抵買商品，還較可以接受，待在園區內大約30幾分鐘，花600元感覺被當作盤子，早該先看清楚門票可以折抵的東西才對，當學了一個經驗。
2	銷售員硬噴在我身上的香精號稱天然的讓我整個頭暈 皮膚癢 回來洗了好幾次 都洗不掉
2	兩天了 還有味道 天然萃取會這樣嗎？
2	觀光工廠只有看板 其他都沒有？
2	重點是遊戲命中率極低，非常低，一個人玩兩樣遊戲，「幸運」的話可以得到「一包10ml的身體乳液」，一百塊換到一包試用乳，非常誇張！
2	千萬不要去！爛透了！ …
2	店家不老實，家人去參觀順便買貴公司產品，買3瓶洗髮精店員偷塞4瓶洗髮精，沒拿的東西也被偷塞進去，家人都以為是贈品，總共買了一萬多元的東西，回到家清點才發現偷塞的東西通通算錢，擺明欺負觀光客欺負老人家，要去參觀的人要多注意，買完東西要當下清點
2	員工在澆水的時候直接噴到機車停車場的全部機車都是水？安全帽車子全部濕掉，完全沒有考慮訪客的心情
0	解說時有種滿滿的既視感.... …
2	賣保養品的地方、覆地小停車格少。
2	農舍屎味，產品試用洗腦推銷為主，看不到製作產線，超收遊覽車動線混亂，來不及欣賞蘭花就一直在趕著進洗腦會議室聽講二十分鐘
0	觀光工廠，賣化妝品。
2	買個東西 服務人員態度惡劣 排在後面的遊覽團客就先結帳 直接無視我們。體驗非常差！
2	停車方便，但一進去導覽員就開始介紹及推銷產品
2	廁所超級無敵臭，所有的人好像都服務於賣場，廁所無人理會，整個場外臭到不行，噁心😤 …
2	豬臭味嚴重
2	連一杯水都沒有，商品很貴，各位朋友，要來請三思!!
2	不知道過年時間收錢，不然等過年後再來就好了
2	就是一個賣東西的地方
0	外面環境傷肺
2	這地方不熟。
0	不錯
2	無聊
2	關理不一！
2	cp低低低!
0	購物的所在。。
0	好聞
2	假景點。晚上沒開燈，沒人，超暗。
0	理念很好，但是附近居民搶地圍田種菜比那藝術多了厲害
2	我真的沒去過這裡，系統一天內問了我5次，我也不知道怎麼回答，它就一直跳出來.
0	很美，可是沒廁所
2	像菜市場，沒人在管理，吵死了
2	幾個造景，沒啥規劃
2	部份設施真的很危險
2	希望能夠更明確的指示出，汽機車禁止停車的位置，避免遊客判斷錯誤而違規停車，雖然有告示牌，建議再畫紅線...引導遊客不能停車之位置，
2	不推！適合國小生以上的小孩，溜滑梯太陡邊框太淺，導致小孩一溜差點飛出去，另一邊矮一點的兩個溜滑梯，又建在太陡的坡上，成人都有困難了，何況小孩要爬上去，吊床、溜滑梯、滑索，一堆大人坐上去，安全性堪憂，滑索應該限高，高度不夠但年齡符合沒用，一樣會往前撞到保護桿，導致臉部受傷，建築設計者欠缺站在小孩立場設計的細心，糟糕透了
0	最漂亮的安平港，乾凈簡約,沒有很多船，可以緬懷鄭成功荷蘭人，尤其是看夜景，串連林默娘公園放風箏餵鴿子，知名的二鯤鯓，
0	有大魚的祝福，鲸魚裝置藝術，是遊客拍照打卡的亮点。
0	有遊艇遊運河，大白鷺鷥佇立或飛翔的景緻。
0	若遊客至港濱歷史公園走完—回，仍有空閒，不妨稍座休憇長椅上，吹海風，發呆，亦是不错的選擇。
2	停車位超少，廁所也超少的
0	鯨魚的藝術家有他的故事
2	那個大魚裝飾很一般，不值得去
2	跟玻璃高跟鞋一樣…
2	空曠，一堆草和一堆人工垃圾的地方
2	浪費稅金的永久性垃圾建物。
2	大魚維修中 白跑
2	沒有吸引力
0	還好
2	人太多
0	吃完香腸得到沙門氏桿菌
2	這輩子沒吃過這麼雷的蛤蜊
2	攤販的態度也有夠差的 吃完噁心的東西去買隔壁的東西 還聽說跟左右鄰居都嗆聲過
2	這樣做生意遲早會倒耶
0	過年期間忙碌能理解
2	但這家店 態度惡劣辱罵客人真的令人傻眼
2	已請管委會處理
2	要看一顆星的認真看我這則 食物好吃沒錯 遊戲盡量不要去玩 老闆基本上都是流氓 他們會有小動作尤其是麻將連連看 之前就被得獎之後的小動作取消我的獎品還被我看出來 但我們出來玩不計較只是給人的感受很差
2	悶熱、擁擠、路線很窄、一次停車150元、吃東西排隊耗費時間，不適合休假、連假去逛，根本就是虐待自己！食物的價格，沒網路上評論的便宜啊！@@‘’ 不會再去第二次了！
2	賣汽水是紙上談兵的騙局，說9張票可以換1杯25元的水，但是換的時候，店老闆說要10張票才可以換1杯25元的水，不是1杯水，但對你來說 1 為什么生意不真
2	人多超級卡尤其是二師兄滷味那條一個攤位擋了三-四條路口都擠在那邊其他條路的人都卡住出不去，交通超亂 完全沒有規律要不是周圍的人說中文我以為是印度
2	⚠️ 滾高爾夫是騙局！
2	停車汽車從50元漲到150元 這樣子花園夜市還會有誰會來 就地起價 太誇張了 觀光夜市怎麼會這樣子 機車收30汽車收150太誇張了啦！ 上個月才50元這個月漲到150元 150元都可以路邊停車停一天了 難怪越來越沒有人要來
2	明明就有免費的停車場，管理人員卻以停滿為由，要你去停一次150元的停車場，結果進去之後，發現還有很多車位啊！真是惡質
2	昨天(2023/4/30)吃完半夜肚子痛
0	一共吃了炸魚皮、韓式雞蛋糕、白糖粿、酥炸蔥油餅 …
2	今天買了櫥窗滷味，沒點什麼75元？
2	老闆你在開什麼玩笑？態度又沒多好⋯
2	目前已知百頁15元 …
2	228連假來真的太擠了 感到極度不舒服
2	倒數第二走道買個充電器頭跟線750結果不能充電爛死了 一個男的在換保護貼跟賣手機週邊的 靠近停車場的那邊 爛
2	她夾燒焦的給我
2	我跟她反映說 那個燒焦了 …
2	周圍交通亂到一個極致 凸顯台南真的是交通之恥 市長拼觀光 美食 也把你的交通先整頓一下唄 整頓完交通問題在來拼您的觀光 美食也不遲啊 市長大人
2	只能平日離峰時段去，好幾次去都找不到垃圾桶，不像其他夜市路口轉角都有，垃圾拎在手上逛有夠尷尬，還是讓外地觀光客去就好！
2	一個賣印度料理招牌主打素食沒蔥沒蒜
2	動線有夠爛 玩的跟吃的分開 結果全部人都卡在一起 塞30分鐘什麼都沒逛到 只想趕快出去
2	不值得一逛
2	堂堂一個國際觀光夜市，完全沒有禁菸，走到哪裡就都是滿滿的煙味，帶外賓來玩，到處都是煙味還有煙蒂亂丟，好丟臉。只能給一顆星😭😭😭 …
2	門口進來那家射氣球不知道在兇什麼！
2	只是想換個獎品圖中那個阿伯一直兇你，根本就是只想收錢不想給獎品，
2	停車場就在夜市旁，人潮超洶湧，避開排隊攤位，買了烤玉米，東山鴨頭，拔絲地瓜，棺材板……完全是雷，砸了台南美食招牌……遠從台中來完全徹底失望～小資應該去本地人夜市才對，這裡屬於觀光客一生一次消費……
2	動線規劃太糟糕跟本沒有人流管制一堆人擠在一起根本無法走路最後連逛都無法只能離開
2	廁所旁邊籃球攤惡意不找錢！別玩
2	停車場難以尋找，遊戲攤位老闆的價格普遍過高
2	老闆都拿摺疊手機了也不覺得很缺錢 …
2	沒什麼好說的，買了6攤只有煮玉米好吃。
2	其它5攤都大地雷。
2	難停車，停車場保全很凶排隊叫人走不走有位置也不開放讓人停🙄 …
2	動線擁擠、停車費超貴、夜市裡的東西也偏貴
2	態度極差；店家名：《京典酵素臭豆腐》。
2	當時內用位置很多，我們說要內用，老闆硬要我們買1盒大盒或兩盒小盒， …
2	停車場明明就有位子為什麼要圍起來不讓人停說客滿
2	在地不要騎摩托車去、ㄧ整排人行道摩托車被開單、管理人員應告知此處不能停！怒
2	只是買個充電線而已就讓我塞30分鐘，我就不懂賣吃的攤商是不會疏導客人該站哪裡嗎？就讓客人站在路上。
2	夜市管理會也真是的，明知道連假一定會爆滿，也不曉得要處理塞塞塞的狀況。 …
0	很多年前人，可以去看看体验一下
2	誇張到讓人不爽
2	明明就有車出去
2	保全就故意不讓人進去停車 …
2	肉夾饃70元，肉只有前面1/3咬得到。要確定欸？！ 爛
2	動線混亂，也沒有什麼特別的，我第一次去的體驗
2	雖然物價皆漲，但是有些老店的品質爛的極致
2	已經完全失去夜市的本質了。
2	裡面有個阿三哥蚵仔煎，千萬別去，態度差衛生爛，連口罩手套都不戴，料理時還會把手指插進雞蛋裡攪和，噁心極了
2	麻將連線某店家態度真的很母湯…一開始第一局聽牌了 他沒給我補牌就洗掉到後來又有聽牌他就說補五隻，我就詢問他可以補喔，我剛剛第一局也有聽牌..他說他沒看到然後冷冷的帶過….
2	（遊戲規則也沒標示清楚，聽牌當下不知道可以補牌，結果在聽牌才知道，感覺真的很差……
2	想說吃個東西、但人實在太多、排隊排到翻臉、弄到又餓又累、心情弄到很差、最後受不了去吃夜市旁的火鍋、奉勸想人擠人的可以去、想吃東西的就三思而後行、除非你想享受等到天荒地老的感覺⋯⋯
2	人多地小，攤販擠一起，想到對街還必須走到底才能！一年內完全不會在想去的地方！
2	豬血腸湯，豬血沒彈性 之後很多都不敢買
2	人多到無法正常行走，停車位有限，周邊很多一次一百的停車場，夜市本身無法容納那麼多的人潮，裡面的小吃價格偏高，且很多偷工減料，買烤玉米買兩張小，一隻特大，結果問老闆那隻是特大，回你不會自己看嗎，這邊店家架子都很大，可能客源多，人潮絡繹不絕，把人當番仔騙，很多牛排店的肉根本像賣場的火鍋肉片的薄度，建議不要在夜市用晚餐，花錢買氣受，讓人對台南印象差到爆!
2	不知道有沒有禁菸
2	看到許多店家都直接在抽煙
0	逛的時候也看到少許遊客直接邊逛邊抽
2	真的是很臭很沒道德心
2	停車不方便，從北部下去玩，被開罰單，下次不去了。
2	看到很多射飛鏢負評 今天遇到投籃 明明一局一百 變成投三顆球300
2	人擠人，這種狀況下，能玩什麼？！能吃什麼？！下次應該不會選擇在假日去了
2	夜市未禁菸，到處都有菸味，噁心死了
2	停車位規劃很爛，附近私人的一次150很坑
2	人群像沙丁魚一樣，食物重複性高，六點到九點買了七家左右，有一半以上的時間都在排隊，大多食物味道都普通，觀光客建議另尋他處不用浪費時間！
2	今天吃了一家韓式漢堡排，二位大媽，一位烹煮、一位包裝給顧客！一份80元的內容物，只有一個漢堡肉+一片泡菜+少數的洋蔥絲～～～晚上就拉肚子到不行❌
2	推高爾夫球超爛的、大老遠來花100元玩20點、小朋友要換一隻尺說要30點不給換！
2	人好多 不懂怎麼會有人帶小孩來這邊人擠人 只能說很危險 差點踩到不少小孩 也有直接差點撞倒的
2	超擠
2	難停車
2	假日不建議去
2	人有夠多 一條路塞了快30分鐘 後面的白痴還一直撞==
2	交通大打結，主幹道變成要進去夜市的分岐點，塞了整條路，真的沒有必要。
0	喜歡玩夜市遊戲特別是飛鏢的網友們一定要來玩看看一局200一次可以玩到5000多要你轉帳付款的超棒攤位！夜市管委會一定要多多表揚該攤位老闆，又幫貴夜市增加不少客人流量呢！
2	一顆星，很多攤販在抽菸，遊客管不到就算了，攤販為什麼可以在裡面抽菸！自治會有在管嗎
2	妳們花園夜市今天新聞報導ㄧ個小姐射氣球要花5200元.這種攤位還有辦法生存是把客人當盤仔嗎.你門花園夜市如在不處理這種攤位.我看整個夜市會被這個射氣球的攤位害慘
2	射氣球的攤位管委會再不處理 是要讓夜市變詐騙夜市嗎？ 搞得太難看了啦 要是坑到外國人真的會變成國際笑話的～
2	若不想受氣就千萬別去東東地瓜拔絲跟隔壁的干貝燒！事情是這樣地瓜拔絲排了三排 結果超過干貝燒那邊 ，干貝燒老闆就在哪幾歪說超過就必須得買干貝燒 ，那地瓜老闆就在哪指這指那說你們排的都不算！不吃也不會死！還去哪受了一肚子火氣！網友們自己評斷看看要不要去排隊！
2	明明就乖乖排隊 被別台車插隊就算了 明明就可以再停一台進去排隊等
2	沒影響交通 後面排了很長一條 硬是趕我們走  （還嘴什麼就不能停還硬要停）態度很差
0	每到台南必到花園 從中部特別來台南旅遊 …
2	台南市知名花園夜市一家射氣球攤位遭到民眾曝光投訴，網友透露店家會以「再給你一次機會」、「再射中一顆就有娃娃」的話術吸引民眾以單次方式消費，網友和親友在店家的話術下玩了無數次後最終結帳竟被要求付5200元
2	原諒我給一顆星
2	（允許的話，把評論刷上去！）
2	實在有夠爛，停車排隊不給排說客滿擋住不給進，去外面停完好幾台出來，外面一次一百有夠貴，射氣球完全黑心商家，你敢相信射到3000塊嗎，拜託趕快倒一倒的爛夜市，本來想說很久沒去，心情好去逛逛，一肚子氣回家
2	想要用餐根本找不到位子 而已又擠 餐點味道 普通又貴 動線 做得非常的爛  這個夜市 真的變了
2	連當兵都沒上過只有一條溝的廁所了，上次遇到這種廁所已經快20年前了，沒想到直接在這邊回味，有夠噁心。
2	在後面有唱歌的地方 有一個麻將攤在最邊邊 關主女生臉超臭 搞的我好像欠他錢 有夠可悲
2	夜市管委還要容許這種攤商存在！？最後大家都不去這個夜市了！為什麼還要租攤位給這種不肖業者～
2	沒有做人員管制，導致整個動線癱瘓
2	夜市射氣球千萬別碰
2	一定被騙
2	沒有先收錢的不要去，射的時候都要記得錄影 …
2	難停車就算了 指揮交通的人員態度很差
2	貴到嚇死人
2	排隊人多東西難吃。
2	今天點了一號入口附近的鹹水雞 菜的價格差不多 但是油雞腿真的有夠貴220 我都快可以買一隻雞了 我覺得我被誘導。當時問我要油雞嗎
2	我認為就兩種油雞和醉雞，因此寫錯等到聽到價格就來不及了，再看一次有個品項叫鹹水雞就是北部會看到的價格，整個氣到
2	阿三哥蚵仔煎雷難吃態度又差
2	射氣球5200，管委會知道是慣犯，居然還只是"要求改善"，這沒帶個幾萬塊誰敢去消費?
2	跟六年前相比，差很多！
0	美食價位高，又有雷！
2	非常失望！……
2	總是有老鼠屎攤販，被騙過一次雖然是小錢，但是就再也不會來囉，因小失大的最好典範。
2	射氣球一次200真好賺，請管委確實監督不要讓夜市信譽受損害到其他攤位！！！
2	之後去台南絕不會再去，射飛鏢跟人收$5200，盤子夜市等著沒落吧！
0	因為花園夜市很危險
2	台南最大夜市花園夜市射汽球遊戲攤，遭民眾爆料業者利用話術讓人誤解一直玩，結帳竟高達5200元
2	賣290手機架的不肖業者留賴留電話，其實都不通，大家小心
0	昨天去逛花園 遇到一攤射氣球的
2	想說好吧就玩玩看 要離開時還跟我說 小姐還沒收錢欸 我整個傻眼 你不是說試玩？ …
2	來花園夜市千萬不要射氣球 會被坑殺到$5200, 兩年了沒有管委會能處理
2	覺得很糟糕渣男
2	半斤不到（含醬汁）一百塊的芭樂實在讓人難以接受
2	來了好幾次，每次停車場的保全態度都非常差，只是在右轉區停紅燈時把車窗搖下來問有沒有車位，他就跟我們說沒位子，然後又說了一句不要停在這裡（右轉區）會害死人？？？？？
2	一顆星給東東拔絲地瓜
2	老闆態度極差的誇張 客人只是依照隊伍排隊 店家自己不主動出來指揮告知客人隊伍動線該怎麼排才不會擋到別家攤販 就大罵客人 還罵客人不會講話？  很多客人覺得莫名其妙被罵後離開 老闆還拍手叫好 超級莫名其妙   情緒管理非常有問題  就算東西再好吃也絕對不會買  奉勸大家最好看到在排隊不要跟著排免得莫名被罵
2	抵制惡質夜市，管理到可以出現一攤射氣球要射到5200的，整個夜市被拖下去剛好而已
0	人多
2	沒啥好吃的
0	台灣夜市裡面遊戲玩法最多種的夜市
0	呵呵，好地方，228連假再來，走遍台灣，第一次遇到會趕客人的店家，值得給星
2	有一個印度人的攤位，賣的東西不新鮮，吃第一口就有臭酸味，調味刻意弄得很鹹，就是那種賣一份100元的餅，看起來不像是當天現做的餅，果不其然，吃完的第二天，就急性腸胃炎，不舒服一整天，建議想嚐鮮的人，不要輕易嘗試。
2	一間黃色小小招牌寫著炭烤的店
2	人太多，一點都沒有逛夜市的品質，還有家長帶小孩被擠到走不到出口，逛個夜市弄得跟難民營領食物差不多
2	非常難停車,幾乎都要停私人停車場一次一百元,裏面的東西貴,給觀光客逛的夜市。網路介紹必吃的攤,都是大排長龍,完全不想讓人去排。
2	一行人六個
2	26號吃了一家烤蚵，除了一個不敢吃以外，其他五個吃了有四個掛急診，一個不舒服想吐，也有肌肉酸痛的現象，那家有大小盤之分，我們3盤200,有內用區，桌上會貼菜單的的店
2	請大家小心
2	韓式肉餅最不值得買的東西，又貴又雷
2	一開始沒說價錢看你厲害就一直拿杯子給你要你玩
2	隔天中諾羅吐了五次狂拉肚子已經三天了
2	人多 東西不好吃 又不特別 重點是觀光客盤子價
2	花園夜市射氣球花5200元，一局200元，真好賺，成本不知道有沒有60元。
2	結帳態度時大轉變，尤其是日出極光的小胖女店員(我在喝水嗎？)
0	那我不如留在台北逛夜市比較舒服~
2	以前來還不錯，車位不多，但是等一下還是有的停，現在是有專人在趕人，完全不讓你等，好像是要讓大家去停超貴的停車場，不知道有沒有合作，下午四點多就沒得停了，有點誇張，看裡面好幾台車出去，也有好幾格停車位，可是顧停車場的人就是不讓我們進去，感覺真差
2	停車保全管理停車有待加強 繞了三次兩頭的停車場 明明可以排隊 硬是不讓你排 圖利別的停車場嗎 有夠北爛 排隊的車輛空一大格在那邊 也不會叫人家往前
2	什麼7星四包還是什麼的
2	一桶100  看你態度好  我在旁邊又跟你加一桶 …
2	各入口交通外場指揮員不當指揮交通，也隨意擋住人行道機車停車區出入口，如果有當地政府的交通規定，請拿出公文放置各大出入口，不要各說各話，出入口一團亂
0	今天前往花園夜市日船章魚燒購買
2	店員沒詢問是否需要加醬料，就直接把盒子蓋上
2	我就詢問店員是否可以加醬料？ …
2	明明就有車位保全不讓停，會不會太瞎了可以給我一個不讓停的理由嗎
2	給一星是為了給觀光客看的喔～
2	觀光客千萬不要去～
2	雖然蠻大的，但攤位都太普通，沒什麼特色，玩遊戲的一堆，東西味道普通。人多服務態度差的要死，尤其是「無骨碳烤雞排」，是在ㄏㄧㄚˊ掰啥小。這個夜市去一次就讓人倒胃口到極點不會想再去
2	人太多，會被悶死
2	好幾次開車來  明明就下午五六點來而已  停車場的保全都說沒車位   明明親眼看到好機台汽車在移動而且也出去了  還跟我們說沒有車位  害我們在馬路來回繞好幾次等了兩小時還一直說沒車位  太扯了😠😠😠 …
0	人潮洶湧，排隊排好長
2	外部停車費要100元，還沒吃到東西錢就飛了
2	東東拔絲地瓜
2	老闆不知道再兇什麼，問後面有沒有人要買地瓜，然後說我們擋在路中間，我就問你們的客人排隊，整條路都擋住，還來跟我們大小聲？
2	我到底吃了什麼....
2	章魚燒內餡根本沒熟！！！
2	10燒烤有些料根本酸掉，沒酸掉的也很難吃，買了200幾乎都倒餿水。 …
2	擠到不行動彈不得，什麼都要排隊，不想吃了還出不來，動線安排街廓有嚴重的設計問題。不會再去了
2	越來越不好逛，同類型太多攤，同一攤也分出3-4攤，真的越來越沒有以前好，而且大吃攤單價也高，單一碗炒麵要40元，湯也要30元起，蚵仔煎看起來薄薄一層也要60元，性價比感覺真的不cp質。
2	台南花園夜市發生消費者射汽球結帳費用高達5200元
0	整體夜市是好的，避開人多的時段，吃的與玩的種類多樣，排名台灣前五夜市也不為過。 …
2	以前因為人潮擠到爆，所以雖住附近 ，但n年沒來！帶小孩來逛逛，發現重覆性攤位太多，特色少， 美食區雖然人仍很多，但是用餐區髒亂不堪， 整個夜市地板都是垃圾， 為什麼不多設置垃圾桶？！台灣的夜市文化品質還要再提升！
2	很差勁，外面殘障車位都被停了
2	都沒有殘障證，警察也不會抓
2	動線規劃非常差道路非常小抽菸的人又很多
2	烤玉米很差勁
2	住台南但今年才來逛一次，可能觀光客太多，排隊人不多的35元拔絲地瓜也會趕人了，更不用說40元的臭豆腐切的小塊又少。
2	人太多，動線規劃不佳，連停車位都難找，夜市內商品了無新意，食品衛生堪慮
2	某射氣球攤位，槍根本射不準，是你準照有動過手腳，還是怎樣？
2	現場跟店家反應，還跟我說有後座力這屁話，我都打PPQ M2，還要定期測驗啦，還敢跟我講後座力，當下真的很想拿服務證甩你店家的臉..
2	付了錢就直接幫客人上彈匣上膛，也不讓客人看一下BB彈數量是否正確⋯
2	難怪攤位沒生意，真的一顆星都不想給！👎🤬 …
2	一開始要進去的車把我們趕走 開放給後面排的人進去 好像是因為警察會拍照 但是你要就把整排車趕走阿 前面排那麼久結果叫我們離開= =阿不就排心酸 幸好我們有繞一圈看 真的當我們是..？該好好管理一下吧 不用因為生意好就這樣趕客人吧 真的超不爽；)
2	玉米杯杯店員一直在跟客人抱怨，抱怨的同時手也不動，後面還有很多人在排隊，希望下次能注意一下
2	東東拔絲地瓜老闆自己不規劃動線讓人排隊，客人沒排好隊在那邊碎唸客人，把這些時間用來趕快包裝地瓜給客人不是更快消化排隊人潮嗎？爛爆！
2	廁所太少，上個廁所要排隊排30幾個人才排的到。去的時候30幾人在排，走的時候還是30幾人在排，真是非常非常誇張，我覺得以後逛花園夜市應該自己帶尿壺比較安全，不然尿急到來不急上廁所尿失禁尿灑一地就好笑了~
2	射氣球5200，疫情國門開放開始坑殺觀光客了？
2	七佳蚵仔煎爛到破表，根本沒在記點餐順序，浪費老子老半天的時間，等了快半小時，直接放棄不買了，操！
0	水姑娘木瓜牛奶
0	點了一杯酪梨牛奶（60）
2	酪梨少且很稀然後還有不屬於酪梨跟鮮奶的怪味
2	果汁店一定要慎選！！！！！
2	貴得離譜的商家一堆，能吃的剩沒幾間
2	花園夜市停車場明明一堆位子，也一直有車輛開出來
2	但卻一直擺著停車場客滿不讓人進去停，一定要人家去停旁邊停一次收費100元的停車場
2	真的想不通為何附設停車場有位子不讓人停
2	射氣球一局200多射幾次都能去射真人了
2	夜市裡有一間全壘打牛排店對客人大呼小叫的女店員該店背面帆布並未張貼勿通行然後告知後反而被兇態度讓人感到噁心
2	某家BB彈射氣球的攤商超級沒禮貌，過年的時候去玩，氣球全射中就說我們是去搶劫，這次看到想要的娃娃想再玩一次，就被說你是不是之前有來過，不要再來搶劫了。我又不是沒付錢，講話可以不要那麼難聽嗎，希望管理處的人可以去關心一下攤商對客人的用詞，這樣的語氣真的會讓人不想再來，在地人的我都不敢帶外地朋友再去了。
2	裡面某間設氣球的不要去喔，話術騙你錢
2	第一次購買勁吧香酥蔥油餅，服務態度極差！只不過看妳們擺在地上的招牌要選擇什麼口味，態度不知道在跩什麼、不耐煩什麼？態度有待加強，一次店而已！
2	他們將鐵板分兩大格，一格裝麵，另一格裝肉，沒有蛋。 …
2	唉唉...口味不能習慣...都已經叫排骨酥了！居然沒熟...還濕濕的...可能中部人的口味比較特別吧！但有一間飲料叫自己來...真的不錯！！！
2	太擁擠了！完全沒有逛夜市的fu。也千萬不要買“甩餅”,因為用料少得幾乎是沒有只吃到餅皮而已,且又貴...!
2	花園夜市鹽酥雞著名店家XX鮮，因送餐錯誤店員發現立刻把客人追回來，客人清楚表示我已經吃過了結果店員居然以迅雷不及掩耳的速度添加了二塊鹽酥雞並補上胡椒的方式（連竹籤都沒有換新的）給了我，店員還說你的怎麼不拿去（台語）請他換一份還被翻白眼感覺態度非常差，衛生有待加強！
2	第一排 花園夜市賣木瓜牛奶旁玩射擊搶,很不好玩,而且服務態度很差。
2	為什麼我會這樣說呢⋯ …
2	重覆攤太多，都沒在管理的？從手搖飲到遊戲鐵圈圈都有重覆，包牌的概念嗎？沒有說很好！
2	人多，超級擁擠，前心貼後背，被人潮推著走，根本無法好好的逛街。停好車，下去逛了2分鐘，馬上又離開了，不舒服…
0	是個很大的夜市東西也很多樣，東西也不錯吃，停車場也很大，可是要早點去不然人很多會人擠人
2	銀河碼頭服務態度差！
2	請不要來
2	爛到哭 我相信來一次就不會想再來第二次
2	10秒的距離讓你走10分鐘 …
2	攤位重複性太高，東西賣的不便宜，而且我個人覺得美味度很低，以後不會再去！
2	態度超差，別家店食物放桌面也沒要吃，就在那邊雞歪吃外食，是有看到要吃喔，緊張什麼啦
2	貴食物區貴，摸麻醬區年輕的小姐，3人1組，做生意不老實，真的要小心不要被騙！
2	5200元 射氣球 不建議前往消費
2	動線安排不佳，二師兄滷味旁邊非常擁擠，甚至動撣不得，要靠著人擠人才能移動，希望攤販們可以規劃一下動線，不要影響到走道
2	攤商太多一副跩樣，靠近看沒消費，攤商就馬上擺臭臉，枉費台南有名的夜市稱號，不值得再來逛 !
2	在逛時被攤販言語性騷擾，離開時被怪人開車門企圖闖入車內
2	體驗非常糟糕，除非必要否則不會再來
2	來台南就是被檢舉
2	環境骯髒 人流沒有控管 摩肩擦踵....
2	東西不好吃又貴
2	裡面停車塲明明就還有車位 保全卻要人停外面停車場 我懷疑是不是跟外面收費停車場抽成？ 爛到爆
2	連假人多到爆炸，小心扒手多，二師兄那條根本擠到過不去，買什麼都要排，進到裡面20分鐘就開始想吐，老實說任何東西再好吃我都不會再來了，難得我在台南會有討厭的一個景點。
2	裏面的車位沒機會停，附近最近的停車費一次100元，貴死了，下次不想來了
2	汽車停車超不方便，夜市裡面擠到爆炸。問題是東西也沒多好吃，跟一般夜市沒2樣。
2	連假期間，不建議前往，人爆多跟本無法逛一逛，攤販走道間隔太狹窄短短10幾公尺路，要20分鐘才能走到轉灣處，太離譜啦
2	留意一攤兩個外國人開的“異國美食馬鈴薯捲餅”（hola mexican burritoes），攤主疑似患有“健忘症”，切記一手交錢一手交貨，餐點未到手千萬別付款，免得餅烤好後他會再收一次錢。并且留意餐點，本人付了50元點鷄肉口味，結果收到捲餅完全沒有鷄肉内陷，商家誠信可疑。
2	服務態度超差 如果想吃飯吃到一肚子氣可以去試試
2	遊戲區中，高爾夫球賓果的店家，態度高傲，連一旁客人拉椅子還被喝令拿回去。 令人傻眼...
2	星期四特地來逛，結果沒開。是Google有問題還是夜市有問題？
2	保全有夠爛！
2	欺負道地台南人不給停車喔？
2	怎樣 客滿我們不能排隊膩？
2	千萬不要逛吃喝以外的攤販
2	手機透明保護套 200元 …
2	停車場問題,不給人停車，明明車位還很多卻一直不放人一直出來還不放本來排好卻被趕走，看到賓士車馬上就放是怎麼回事？
2	攤販非常多。買的也好吃。只可惜規劃動線及停車不方便。垃圾桶也不够用。攤販與攤販距離太近。拉生意難免造成攤販間的不滿。需要重新整理規劃。
2	六點半之後就算有位子
2	停車場也不讓車進去停 …
2	讓我印象非常糟！！等了快20分鐘後面來的都已經吃完離去了！而我還在等待中
2	中間有間飛鏢射氣球 先說只要射中3顆 娃娃任選 開始射後又說前三標全中才有 後續我7標全中 又改口說只有前面醜小娃娃才可任選 一次還要100 店家讓人感覺有點在欺騙人
2	假日去人非常多，周遭很難停車，也很容易被拖吊。
2	小、位置少、熱門店家附近動線不良造成壅塞。上廁所不方便。玩得跟吃得分開是在想甚麼？
2	食物還有毛髮，衛生不佳
2	絕不會再去吃，非常不推薦
2	千萬別吃第一排的邱記10元炭烤 騙人的
2	只有1.2個十塊 甜不辣吃起來像肥皂
2	其他吃起來跟紙一樣 難吃
2	好擠好擠完全不喜歡，感覺走道很窄，走路一直被推很不舒服，天氣又熱逛不下去
2	人潮 眾多 行走如龜速 而且東西不便宜 不像台北縣市的 攤位 比較便宜 一碗牛肉湯 不到10片的肉片 110塊 實在有點貴 每樣東西都是百元起跳
2	因為那天下雨，而店家的雨傘破壞了還在用，讓我們吃個豬排邊喝雨，當天就撈賽
2	8+9有夠多 很吵
2	而且任何食物都沒有遮蓋 衛生很差
2	攤位規劃太貪心走道太擠，有人停下來買東西就會塞
2	停車位不足！私人停車位價格高價！人潮擁擠！攤販重複高！動線挾小不易行走！規劃只想擠進攤販。
2	裡面有一攤十元碳烤非常難吃，完全沒有燒烤味
2	觀光客人多，買東西吃東西不方便，停車靠運氣，不然就是花大錢停車
2	超級無敵難逛～吃的東西也普普通通人非常非常的擠連個規劃路線也沒有！沒有下次會去逛了！
2	賣麻辣鴨血的店家找錢時有一個韓國硬幣100元偽裝成台幣10元，給我印象特別差
2	人超多，沒有逛夜市的感覺，雖然有名但動線停車極差，建議想前往此夜市的人三思
2	200元飛鏢好玩 再也不會再去了
2	花園夜市裡面的碳烤雞排建議不要買...裡面沒有肉都是皮..不肖業者....
2	台南人覺得：還不如去大東！花園整個沒落很多 完全淪為觀光客夜市 踩雷踩整路的！
2	人多，攤販重複性高。食材不是很新鮮。攤商老闆大多沒什麼笑容。
2	東東拔絲地瓜服務態度不佳
2	走過去就被兇說不要排隊了
2	真的很問號
2	人很多又熱，對本人來說有些髒亂，食物賣相不佳，沒食慾
2	裡面的攤位 太 擠 東西也沒什麼新的好吃的
2	攤位賣的東西重複性過大，地雷攤占大多數，很多攤賣相很好但吃下去讓你想丟
2	完全針對“慕名而來的觀光客”夜市。實質為東西相對貴，走道擠，普通。
2	下雨沒看到幾個攤  下次來台南玩又不知道多久嘍  有逛到在改評價
2	函館日式丼飯，老闆服務態度極差，東西也不好吃
2	觀光客千萬不要去踩雷 👎 …
2	擠滿，沒很好的動線規劃，建議穿鋼頭鞋
2	有夠難停車
2	假日來實在毫無逛的品質
2	久久去一次就踩到地雷，牛豬排配酥皮濃湯的食物品質實在令人無法苟同！
0	優點：
2	缺點：觀光客太多太擠。消費有點高。停車常常滿其他地方停車又超貴。
2	今天有開嗎
2	Google表示有營業，大老遠跑來一片漆黑⋯？
2	搭臺南市公車車班1小時才一班車又不準時，人多我不喜歡。
2	沒什麼好逛的...東西重覆性太高
2	吃的買一買就可以閃人了！
2	為什麼停車場還有位置   外面偏偏擺著客滿牌子
2	太離譜了吧    說的過去嗎
0	重複性超高的觀光夜市，傳統小吃沒落了，假日人擠人～
0	個人见解二師兄滷水偏甜小食各有差距但總比香港小食好如果懷念以前香港小食這地方不錯選擇😘 …
0	人是擠在一起走 小小孩走起來更辛苦 沒辦法停下來好好看 被推著往前走
2	東西越來越難吃，感覺是在應付觀光客的，在地人別去踩雷了。。
2	射氣球要5200，太可怕了
0	幾乎在各方面，新光三越比較好
2	非常不推薦，專門給觀光客的夜市。不是很乾淨，走在裡面都不太舒服。
2	別太信任攤販老闆的話術 都是假的 掏錢出來前請審慎評估思考 攤販素質低落 根本逛不下去
2	台南人不會想去.人太多只是觀光客跟網紅的聖地而已
2	人太多，進退不得
2	沒有垃圾桶
2	0分，東西難吃到爆，只有旗魚黑輪那攤好吃又便宜
2	被公車放鴿子，查網路等了37分鐘的公車，結果網路有公車在跑，實際上沒車~~~真想投訴。
2	騎到一半會迷路 太危險了 所以不推
2	東西非常難吃  很多味道甜又有怪味
2	小心被拖吊
2	人太多不好停車5點去才比較好逛過了時間人擠人
2	動線太糟糕
2	東西普通沒特色貴又難吃
2	店家態度又差
2	花錢找罪受🙄 …
2	碳烤雞排不行,牛排也不行  完全是靠名氣的夜市  不想再來了
2	人太多了，假日去像沙丁魚一樣，
2	根本無法好好地逛。
2	東西沒特色 容易踩雷，然後人太多不好逛！不推！！
2	動線不佳，動彈不得，不好找停車，人潮暴多等太久
2	超貴，9顆壽司花了一百九.....價格沒標示清楚!!清楚
2	人潮太多，逛街太擠，動線不佳。
2	很蝦！很失望。
2	動線規劃太差，基本上買不了東西。
0	體驗人潮倒是不錯的地方。
2	人多到懷疑人生，竟然在台南可以吃到雷到不行的鱔魚炒麵就在這裡
2	超會拖車 停在格子裡面也被拖 格子也沒有寫殘障人士專用
2	觀光夜市，走幾步就有重複的一家，很無聊又貴又不好吃
2	重複性攤位太多，逛過一次就不想再去了
2	停車費很貴，東西也很貴又不好吃。不建議去
0	大多雷，少數很好吃且划算宜甚選，公立停車不用錢
2	星期五晚上沒有開唷！google的營業時間應該要改了吧？
0	此地雖然東西好吃，卻是1900傷心地
2	東西變難吃了，又貴，以後不會來了，太失望了
2	假日大排長龍
2	到處是人擠人
2	攤販臉臭不理人
2	動線規劃不佳沒秩序
2	人太多，未做好長時間人塞人心理準備的慎入！以後假日絕對絕對不會再來
0	有別於傳統夜市
2	這夜市不優
2	場地很差，也都沒有好吃的東西。我以後再也不會去了。
2	停車一位難求，人爆多，建議別再去花園夜市了
2	假日人超多，更本無法逛，而且沒有動線標示
2	一樣交通很亂機車汽車都亂停垃圾丟滿地住在這裡的生活品質真的很不好
2	七佳牛肉湯一樣是100元，超敷衍
2	汽車停車位規劃小  還需自付100元停附近寄車區
2	又擠又亂 想要好點建議去武聖，但小了一半，見仁見智
2	射飛鏢的不老實，專騙觀光客
2	東西難吃，環境髒亂，人擠人觀光客聖地
0	香腸炒米腸好吃
0	其餘～有點傷心
2	裡面一間賣腸粉的難吃到讓人很生氣
2	價位比一般夜市高。內容重覆性高。無特色。非常悶熱。
2	服務很糟糕! 小朋友湯沒喝完,就開始趕人出去~
2	不是我們在地人的選擇，人太多了，失去逛夜市的意義
2	人多，難吃的攤位越來越多，東西貴
2	人很多，不太好走，附近停車收費太貴
2	人太多太擠了，已經沒辦法輕鬆逛
2	人太多，根本走不動，也別想要消費什麼。
2	買了幾樣 都踩到雷
2	小上海香酥雞怎麼可以這麼乾！到！噎！
2	大概一半以上都吸不起來：）））爛死
2	超多人，根本不適合帶小朋友來。
2	停車難停，人超多，帶小孩要注意安全
2	擺設攤販再不改進，沒落只是遲早的事
2	我來兩次兩次都得腸胃炎😡 …
2	人潮擁擠…根本是被推擠著逛街…
2	連假塞爆沒有做總量管制，出事真的會踩死人
2	食物全是炸，非常不健康，沒有坐位坐下進食。
2	個人很少去夜市，無法評論。
2	全都是人，動線不佳，這麼多年還是一樣
2	我不是觀光客，沒特色，什麼都貴，生意不是這樣搞的
2	差
2	有一家章魚燒超難吃，完全焦掉
2	差勁的夜市連停車也在趕人，真是爛的夜市
2	貴，壅塞，停車費高，東西不新奇
2	第一排章魚燒老闆脾氣有夠爛
2	難停車 人多 東西重覆高
2	垃圾飛滿地，第一次來臺南，真心覺得要改善。
2	超級擠，停車格貴得要命
2	好擠,某牛排店態度差
2	爛   汽機車都違規停   沒有可以行人走的地方
2	餐飲區太多雷，素質越來越差
2	周邊停車不方便，整個環境蠻髒的，吃的東西好像沒有評價那麼高
2	沒啥好逛小心扒手人很多
2	動線不良 逛起來有點亂
2	擁擠  動線不良
2	已經太觀光化了 很難逛的夜市
2	東東拔絲地瓜 老闆服務態度不佳
2	動線亂象攤位壅塞很雜
2	車不好停人多又熱又燥
2	抽菸還是很多，髒亂
0	很熱鬧又平價值得一去
2	人擠人，賣的東西沒特色
2	東西貴又難吃⋯⋯
2	天王牛排絕對不要買！！！！
2	醬難吃，肉又硬，這樣也要收我120？？！？！！！？？？？！？！？？？？！？？？！？！！！！？！
2	人擠人根本沒心情逛
0	人超多，東西還好
2	乾炒鱔魚很難吃 大腸包小腸很難吃
2	連假來車多不好停車
2	7:00後，人多到爆
2	東西貴到無法無天
2	東西超貴，比外面貴許多
0	超多美食太好吃了
2	人太多，人擠人，不好逛
2	人多車多，攤位重複多
2	拖吊竟然聽不到鳴笛聲！！！！😠😠😠😠 …
2	不要再漲價了
2	有夠擠...
0	比較適合小孩，都是玩的～
2	人太多 ，已經沒有夜市的fu
2	5顆小鳥蛋賣30元？
2	油煙味沒特色一般般
2	不是很好，東西又太貴
2	觀光客去的地方 , 髒亂 , 貴 !!!
2	環境很差，不值得造訪。
2	是一個沒水準的夜市
2	來台南去吃夜市太後悔了
2	很塞…
0	觀光客的地帶
2	東西沒什麼變動
2	天王牛排難吃態度差
2	衛生極差
2	東西貴，人擠人。
2	人太多，走道太小
2	攤販態度很不好
2	根本活屍禁區（過年期間）
2	人多到動彈不得
0	人多擁擠，寸步難行
2	人太多 不好取餐
2	一堆人邊走邊抽菸？
2	太多人
2	人多，動線不良
2	路線亂，很難逛
2	東西太貴了嚇死人
2	非常多人不好逛
2	東西貴又難吃
2	人太多動線不好
2	人太多不好逛
2	人太多，動向不好
2	不好逛 動線亂象
2	保全態度有夠差
2	貴死
2	幹你走嗎
2	很髒，東西重複
0	全台灣的夜市都一樣
2	擠又難逛
0	歡迎來到花園麻將館
2	一般的夜市，不易停車
2	雜亂，食物不佳
2	動線規劃不好
2	動線太擠
2	路線太擠
2	沒開電子發票
2	人那麼多煩死了
0	好逛滷味可口
2	東西重複性多
2	沒有賣皮帶
2	貴又難吃
2	擁擠&沒有喜歡的
2	重複性太高
2	人太多 寸步難行
2	沒停車位
2	擠擠擠爆~
2	越來越貴
0	人多到靠北
2	沒人
2	流動攤販大集合
2	東西貴死人了
2	沒有賣熱狗
2	人多到烤被
2	吵雜，髒亂
2	下大雨真掃興
2	幾乎都重複的
2	不好停車
2	大而不實
2	沒特色
2	人擠人，氣死人
2	爛
0	虐狗天堂=﹏=
0	人超多
2	沒什麼特別的……
2	太擁擠！
2	越來越爛
2	擁擠雜亂
2	髒亂擁擠
2	東西很貴
2	太擠了，
0	都是人
2	超級擠
2	停車位在哪
2	停車難尋
0	人潮擁擠
2	停電
2	人太多
2	人太多
2	太擁擠
2	吵鬧
2	差
2	亂亂亂
2	無聊
2	人太多
2	太壅塞了
2	零亂~
0	熱鬧
2	很亂
2	太擠了
2	不是人去的地方
2	擠.....
2	了無新意
2	很糟糕
2	了無新意
0	很多人
2	不友善
2	很失望
0	逛一逛
2	太擁擠了。我旁邊的陌生人評論他們的安全。個人被撞了 10 多次。 （肘部，踢，推）一切都排長隊。嚴重的安全隱患。食物甚至不好。台灣（市場）最糟糕的經歷
2	管理的很糟糕，光是一進去看到那個投影，整個超級模糊不清楚，感受就有夠差的！
2	館內整個霉味非常重，尤其是長毛象標本那一間，很可怕的味道，只放了2小台的除濕機。
2	設施幾乎沒在維護，該壞的都壞光了，海報歪了掉了也沒處理，這種最基本的維護竟然也都做不到，覺得很扯。 …
2	裡面黑漆漆5y小孩很害怕一直吵著要離開，問了平板租借可以幹嘛？服務人員就說有影片這樣，就沒興趣租用，結果進去發現有平板才有互動⋯ ，有團體客，在裡面一直奔跑，也無人控管。 外面遊樂設施一項50元，很燒錢，整個很不推薦這裡，停車也很不方便，附近都客滿。不會再度光臨。
2	裡面很無聊建議不用特地買票進去，門口服務人員態度又很差，外面很多玩的可在外面玩就好
0	樹谷生活科學館則位於南科的「樹谷園區」，是南科的液晶電視專區，由台南市政府委託奇美集團旗下的聯奇公司進行開發。這裡號稱「南臺灣最具規模的自然史博物館，也是首座以骨骼標本展示的博物館」（多數的網路介紹也都複製這樣的文字，浮濫到不行），而由前縣長蘇煥智題字的創館紀要，也提到由於南科在開發期間，挖掘到從新石器時代跨到清代漢人遺址，時間跨度超過5,000年，因此決定在樹谷園區建立一個展館，存放相關文物，訴說當地故事。 …
2	平日過去發現只有館內有飲水機，要幫未滿一歲的嬰兒泡奶說要驗手章，我說要買票進去使用飲水機店員也說不行（這時4:50分），還說對面的7-11比較快（這是？）對親子不友善，基本需求，像是上廁所.飲水機都在館內。暑假平日，館外連兌幣機都無法使用，遊樂設施也看不到工作人員
2	小朋友想要扭角落生物，結果封面除了寫角落生物還寫了動物迴力車，細看側邊發現裡面根本沒有角落生物。迴力車就迴力車，用角落生物的歡迎度騙錢？而且還掉漆
0	逛完之後在外面釣魚
2	未滿三歲突然想尿尿 …
2	星期六去，人潮不多，裡面悶熱，有霉味小孩無法忍受，只想快點走完出去吸收新鮮空氣。不建議前往，此處停留時間約半小時。
2	管理的很糟糕，設施幾乎沒在維護，該壞的都壞光了，地上燈不亮，各種投影都壞光，展示品標示也不清楚，解說員像是國中生，也沒教育過！搭配隔壁的懷舊餐廳，簡直一絕！
2	不會再回訪的地方
2	門票費收的一點價值都沒有
2	連假期間服務人力嚴重不足，外面的小火車出軌，有嚴重的安全疑慮。幾名家長在那邊扛火車那麼久，居然沒有任何工作人員發現或提供協助。出軌狀況由我們自行排除，並向現場人員反映後15分鐘才有工作人員來查看，期間不知又有多少小朋友來玩這個設施了。 …
2	不適合小小孩來的地方
2	來了兩次樹谷，雷了兩次 …
2	已提前預訂雙路線體驗雲端歷險，現場工作人員配置不足，園區動線不良，且無人進行安全講解，人身安全配備都沒有消毒，有衛生問題。
2	平日好多設施沒開放（最想做的diy親子手作也沒有），很失望！就連農場也沒開😭 …
2	設施不完善，10個有8個是在維修.維護中
2	不值得推薦再來⋯
2	套票120部份更換的體驗，都有休息時間12:00-13:00，非常能夠體諒，請在11:50幾分前推銷時告知遊客，入館時於服務台要更換體驗時，中原標準時間11:55分時，人員告知不好意思12:00-13:00是休息時間，？？？？所以我認知錯誤，請建立明確的售票規則及休息時間於公佈板上，謝謝
0	在炎熱的夏日
2	明明平日沒人也沒擋到其他遊客 …
2	展場燈光昏暗，展品跟資訊卡根本看不清楚。
2	空調疑似沒開，氣溫悶熱，尤其戴口罩讓人呼吸困難。
2	也沒告知門票可抵停車費。
2	2/7早上十點從台北再次帶小孩來玩，門口拿麥克風的男員工，服務態度很差，被他搞的很火大！
0	台南美術館一、二館，台中科博館皆可進入
2	可見你們資訊不足
2	櫃台態度很差，ㄧ定要買票才能上廁所，沒買要到對面會館上，但很急想趕快上，擋住你就是不準進去，這麼惡劣ㄧ定不會在來
0	如果期待是一趟生命教育、動物互動的行程，那必須先做好走歪的心理準備。
0	生命科學館旁邊是一大區的兒童電子遊樂設備，才到附近就吸走所有眼球。
2	1.時間還沒到就開始鎖門、關音樂、關燈趕人
2	2.不能先借洗手間再來買票
2	（作法沒有問題，是我太鯛） …
2	冷氣都不捨得開，展廳很悶熱，燈光昏暗走路會跌倒的暗。根本不值得去！
2	樹谷科學館跟農場分開收費，一家四口兩邊都買門票了，也有買門口推薦的付費活動，結果逛完農場結束的時候帶保溫瓶想進去科學館裝開水，門口員工說沒有，請我去旁邊買礦泉水一瓶20元。明明哺乳室就有飲水機，再說這麼熱的天氣如果不提供飲用水我真的覺得太不合理！
2	全館各間各有不同異味，是聞起來不舒服的味道。二樓體驗設施多有毀損沒修復。在體驗設施上撿到1月4號門票，今天是1月12號。代表全館根本沒在清潔整理。
2	需要門票的景點，但室內展示內容非常無趣很不真實，很多都是要再另外購票才能夠體驗，不然就都是維護中，感覺非常差浪費錢
2	花錢租賃平板讓小朋友可以跟館內恐龍做互動跟拍照，過程都順利結果就在要歸還時，要將小朋友所拍照的恐龍照片上傳到E-mail，沒想到平板當機跳回桌面，請服務人員處理，當又回到程式時，之前小朋友拍的體驗照片全就這樣沒了，就說在程式裡拍的照片不會存留，讓我整個感覺就很差。既然要出借平板給遊客使用，就要負責平板的保養跟穩定度。
2	堅持沒買票就不能借用哺乳室 讓我還要抱已經大便的嬰兒，再走一大段路回去找家人拿錢買票...非常沒同理心 下回不會再買票進場了
2	停車場很大但是繳費很不友善排了快一個小時是發生什麼事？？？
2	夏天不能帶瓶裝水進室內沒問題，但是室內也沒有按壓式飲水機供人解渴用。問櫃台若有人缺水暈倒怎麼辦(雖然機率低)，得到回應是要我們自己去外面(猜想應該自己解的意思)。Note:暈倒要看狀況叫救護車。^ ^
2	無人員管理，加價購遊戲卷要使用還要再額外收費，到底是加購那張卷做啥
2	空氣中彌漫臭味。
2	遊戲規則寫得不清不楚，讓人一再地重新排隊。
2	工作人員，語氣傲慢，把人當文盲。
2	千萬別去吃樹谷的吃到飽餐廳，150只能吃幾樣菜，根本不值得那個價錢，去7-11吃就好
2	工作人員很不友善.說話口氣很不好完全不推薦
2	星期二休館 白跑一趟   滿偏遠地區
2	東西壞一堆.地方小.空氣差.沒在維護。不值這個票價
2	沒什麼特別，感覺就是利用小孩再賺錢，不值得再去的一個地點
0	適合親子來的地方，不過多數區域皆需收費
2	外借的平板超重，而且定點的銀幕就講解，根本不用借平板
0	小孩子玩的地方，打發時間不錯。
0	帶小孩耒玩的地方，讚。
2	指引動線不佳，外地人停車不便
2	又老•ㄡ舊的地方沒特色
2	租用的平版超難用!
0	寓教於樂好地方
2	實在沒甚麼，，，，
2	無聊
2	很無聊
0	要改善
2	騙人的場所
0	這對 mw 很有趣
0	很放鬆的地方，夕陽很美
2	是個休閒的好地方。  但是遇到賣芋冰雞蛋冰的騙子跟他買他不說話開始亂包冰用一個捲皮包冰突然跟你說兩個1百叫你付帳。  請大家注意
2	螞蟻很多，黑的紅的都有，帶小朋友去要小心
2	空地閒置 垃圾一堆 鐵網圍欄 煞風景垃圾。
2	港口海面上垃圾到處 飄
2	停車場沒有遮蔽物
2	草皮需再加強，小朋友活動好處所；若要遛寵物是好但排洩物卻滿地都是另外有人將自家垃圾留置於公廁內（水準、公德心要加強）。
2	有神明就可以不用戴口罩說話是不是 知道現在疫情嚴峻嗎
2	開開心心的遛狗，牽車回家時機車裡錢包被偷就算了！還把我的原廠iphone充電線剪斷！請各位留意周遭附近，不要再被竊賊得逞！
2	明明公園就一堆人，還可以正大光明的偷！偏偏附近都沒監視器！
2	偷東西的人不得好死！
2	人工就是……討我罵
2	地大樹太少了
2	草很高，又有狗屎的爛地方，本來免費的停車場也變的要收費，最好有那麼多人啦！
2	到處都是狗屎，雜草叢生，螞蟻窩一堆，只適合溜狗，根本沒人管理
0	好好的公園都變成狗公園了, 到處都是狗大便,小便.
0	風景不錯但環境衛生要加強
2	地方大，但廁所呢？找不到😭 …
2	不怎麼樣垃圾太多了沒人管理
0	可以讓小孩玩泡泡，動一動
0	以前晚上比較漂亮,感覺變好多
2	只有一個大雕像 啥玩意都沒有
2	步道設施失修雜亂！
2	改收費停車降低去的意願
0	以前很喜歡來現在幾乎不來
2	攤販很多，快變夜市了
0	河邊休閑的廣場。
2	環境衛生不好，垃圾多
0	很一般的公園
2	蚊子太多了！
2	不怎麼樣
2	到處垃圾
2	光禿禿的一片  沙灘也不乾淨  不推
2	我平日來沒車  但是 風超大 根本碰到沙就折返了   沙塵暴啊
2	建議好天氣再去，陰天去只有濕濕重重的沙，而且路途離台南市區不算近
2	要來的人要想一下沒有停車位子，大家停路邊沒有空間可以匯車
2	無法進入
2	沙子很多、很熱、勸你不要來。
2	很無聊的地方
2	在候船室裡面有一位體型很小短髮的女員工，態度極差，確認人數直接捏緊客人的票券是怎樣，破掉你要負責嗎？
2	台江自行車道怎麼走？我就問！
2	又熱風又大又很無聊的地方
2	一個遊客中心，不是辦公室，就是員公餐廳...不然就xxx教室沒開放，只提供廁所，要躲太陽只能去餐廳或是站牆壁蔭影下躲太陽...連台飲水機也沒有
2	很無聊，完全沒主題，就只是幾個建築物，然後沒了 ，在慘一點就變蚊子館了
2	設施設計問題。
2	别去，里面是个什么学校之类的，几栋白色建筑，某个位置算是网红打卡点。之前星期六去没车位就走了，星期一再去发现油钱都亏了
2	一次性景點，不必特地去
2	沒解說沒設施，廁所倒是蓋的不錯，放尿好所在!!
2	晚上廁所全部拉上鐵門上鎖不給用就算了，居然還欲蓋彌彰貼個"故障中"的紙條在門口，難道說這麼巧男廁女廁的每一間廁所會全部一起故障?
2	沒特色!跟本不值得列為國家公園。
0	到底哪裡是國家公園了？😑😑😑😑😔 …
2	都已排到妳銷售員面前了,伸著手等著要接妳的試吃品,而妳卻不給
2	請問妳是看人發的呀?? …
2	停車場小客車沒幾格,大客車沒人開放停小客車會怎樣嗎?一堆小客車去停了還被開單,破壞過年期間許多外地遊客的興致,爛到爆的管理單位!!!
2	我墨鏡掉到水裡
0	我是坐公車遊旅一員，此處交通不便很不便，很難叫車，公車只有3班次(平日)，我對臺灣國家公園印象是大大大，自然景觀自然大氣，此處打破我對臺灣國家公園的以往印象，高雄美術館比它更ok
2	網路不好
2	很無聊的地方 建築斑剝 似乎沒在維護 又一個公家機關蚊子館
0	坐竹筏遊綠色隧道，又有導覽員解說兩旁的自然生態，雖然大約只有30分鐘，但是收獲滿滿，很適合學生的生態教學。
2	根本就是國家級垃圾公園
0	附近的觀光景點不多但可以去安平以及文章牛肉麵吃牛肉口味還蠻清爽
2	員工賣票都沒有限制，有人來就賣，有介紹跟沒介紹一樣，態度很差，買完只能去排隊，排隊也完全沒有規劃動線，至少排了兩個小時
2	談不上是國家公園， 軟硬體設施也沒什麼可看性，週邊景點更是一片荒蕪！只有濕地， 連7-Eleven都沒有……！
2	連假千萬別來，買票等船的時間就要好幾小時。附近又沒有地方讓人可以逛這麼久。
2	真奇怪！
2	鑽石級蚊子館
2	（2018年底）現場無解說，規劃動線差，當時看完覺得完全不值得來，希望一年多過去有改善
2	觀光地方 臭死了
2	什麼綠色隧道裡面那條是都大便在裡面嗎
2	臭死了 建議別去 …
2	無聊又無趣的國家公園 我只到門口就不想進去了 還從高雄開了很遠的車去呢
2	簡直就是浪費公帑！整個區域啥都沒！建築物都是員工使用！真的誇張
2	偌大的國家公園裡面沒有幾個可以參觀的景點，建築物破爛，無人管理。
2	導覽員講解，大半的時間在說綠建築！
0	國家公園跟綠建築有什麼關係？！
2	1.好熱
2	2.觀光船船員態度超差，而且其實沒什麼東西可以看....
2	假日來也不會很難排，但是很熱 坐中間的什麼都看不到
2	刻意在所謂的國家公園裡蓋一個號稱鑽石級的綠建築，導覽花很多時間詳細的介紹綠建築的知識，周圍也沒特別值得看的景點，這對比世界其他國家公園的規劃來說實在是有待加強，感覺是硬把名稱跟建築强加在那邊。非常失望!
2	只有廁所跟蚊子館，不知道為什麼一堆人自拍。真無言。
2	釣客車輛阻礙交通，滿地垃圾，滿路野狗，名符其實的台江狗公園。
2	除白色建築物其他都沒有，水又髒又臭，真是鬼地方
2	什麼綠色隧道竹筏 規劃的很差船隻也很爛 感覺很騙錢
2	除了拍照，真的無聊
2	建設太少，停車場空間不足
2	超差，幾乎讓團體票先進去，都不顧散客的心情。
2	使用蚵殼有創意，但事後維修一定做不完
2	廁所沒有燈 十分嚇人 請改善
2	不知道為什麼這裡也能稱為國家公園，欺騙人！
2	人煙稀少，不是一個適合遊玩的地點
2	六孔碼頭破舊不堪！觀光須大大加強！
2	很無趣的地方 停車位也少
2	超無聊 只有很多網美在拍照
2	拍隊排了三個小時，坐船只花十分鐘
2	高腳屋有夠熱 又無聊
2	不知道是不是正在整修，沒什麼東東
2	服務人員太度很差而且也很隨便
2	施工差勁 無任何可看性
2	國家公园，爛，後悔，只有看
2	水上建物。
2	???真的不清楚這裡到底有什麼???
2	夏天真的不能去，太熱了！
2	見面不如聞名
0	繪本親子活動有趣
2	這麼遠那看的到了
2	解說員的臉很臭
0	還不錯
2	標示不清
2	態度不好
2	是最差的"國家公園"
2	服務員很差
2	收費跟内容不相等
2	沒人管理
2	臭水溝一條
2	無感
2	爛透了
2	沒東西...
2	無聊至極
2	沒人管
2	無聊
2	無趣
0	想回家
2	沒東西
2	不太好
2	爛
2	浪費時間
0	工作
2	考慮到他們收取的費用，我希望看到一些改進。救生衣又舊又髒，他們掛在樹上的標誌很難拍照。雖然風景很迷人，但我必須說我很失望。
2	難聞的氣味!!!!!!不適合亞洲遊客參觀紅樹林運河。無陰影的 20 分鐘船程！！！！！！
2	水太髒了，親眼看到都覺得噁心。
0	台南市西部美麗的海灘
2	生日慶活動明明寫消費即可集點，也跟活動單位確認過了，卻有店家(2元黑輪店)擅自設定低消，在消費後不蓋集點章…
2	告知主辦單位後，只得到：「那你消費前要問一下喔」的答案
2	感受非常差，如果無法控管店家擅自設定低消，就不要宣稱活動消費就可以集點。
2	就無聊，沒什麼東西看，東西也不便宜，沒意思，去台南要小心機車，逆向一堆，應該是下一個墾丁。
2	可能是我沒查好開始時間，我中午去完全沒攤販，也不知道是幹嘛的。
2	不懂來這裡看什麼，孔廟還比較有看頭！
2	攤商太少了很無聊
0	开放式休憇公園
2	很普通  又老又窮
2	超難停車
2	貴而且沒什麼可看的
0	非常值得一訪的古蹟，可惜廁所和部分園區有濃濃的樟腦丸味，蠶豆症者不友善，請注意！
0	雖然是古蹟
2	但真的覺得很不值得進去
2	感覺都沒在維護….
2	停車30、門票70。
0	可以做免費日光浴，還可以參訪古代建築工藝，仿真大砲真的做的很講究，還有賣冰的阿姨會用找錯錢的方式來考驗你的算數能力！
0	極度推薦親朋好友一起來，這種名勝古蹟參訪的優良經驗不能只有我體驗到
2	停車費30元大人50小孩25比社區公園還糟糕。多年前來過當時是不用收費的，這一次老公帶小孩來是準備跟他們現場說一下歷史的....裡面什麼建設都沒有就是幾隻大砲.....有被騙的感覺，短期內不會再來台南旅遊了。不值得遊玩.....差評（第一次覺得受騙了）
2	既然收了門票就有基本的管理責任/規範廠商，這麼大範圍的草皮你們要另外辦活動就需要把禁止活動的範圍劃出來（照片上誰可以看到禁止/注意標示？），小孩子不知道靠近射箭的區域是被用吼的驅離（紅衣工作人員/在場應該都可以聽到），要怪家長沒有盡到照顧責任轉移焦點的言論覺得有建設性的就留吧。（草皮這地方不能亂跑/要保持警覺） …
2	一整個荒煙蔓草沒有維護的感覺，還要買門票進去，真的是蠻特別的。
2	無聊浪費錢 20分鐘出來 什麼東西都沒有 只有一堆大砲跟樹 非常不推薦
2	走到票口宛如走入虎口、才告知要收停車費，門外完全無公告
2	裡面空蕩蕩、假砲跟半身雕像！哇！沒了～
2	評論還那麼高，真心的傻眼⋯⋯
2	星Live直播APP，✧懵陌陌✩，你去台南市永康警察局提告我”跟蹤騷擾防制法案件”，請問我跟你從來沒見過面怎麼跟蹤你？ ✧懵陌陌✩，你品性不好，我要去跟你爸講！ 我好心看你可憐給你錢，你長那樣還告我，你可以再不要臉一點！你可以再缺德一點，你怎麼不去搶！ StarLive App,✧ 懵陌陌✩, you go to the Tainan City Yongkang Police Department to sue me for "stalking and harassment …
2	雖然說是古蹟，但也太破了吧。看看淡水學一下好嗎？
2	服務人員態度極差 原本想看看被搞到完全不想接近
2	工作人員對狗很不友善，用抱的也不行，大聲嚷嚷狗勿入，帶寵物的人可以不用來，裡面也沒什麼。
2	兩個人逛10分鐘，連停車費130
2	裡面只有城門，幾個砲台，一片積水跟泥土的草地
0	除非對他有特別的情感，130拿去合吃麥當勞比較划算 …
2	員工態度與素質十分不理想，將市民的權益踐踏在地，蓄意破壞台南古蹟美名，出示台南市民身分還不給進場，強制要求買票，被善意糾正後還口出惡言，希望相關高層看見後，能謹慎篩選員工，否則有損台南府城的名聲
2	滷肉飯很小碗 以台南我家來講一碗10塊錢真的是偏貴了
2	可能就不方便走動
2	推嬰兒車更是不方便 …
0	.走過億載金城的城門洞及引橋，其古樸典雅的思古樣貌，是遊客拍照打卡的亮点。
2	收了門票結果只有幾座假砲  四周超空路還沒鋪完只能走泥巴  去逛旁邊的軍艦就可以了
2	建議車停外面，不然會白花30元
2	狗不能用走的下去，只能坐車
2	如果狗不能下去，我根本不會想來
0	很驚訝古蹟可以這樣租借，花了門票費，却遇到入口和場内插滿某某幼稚園的旗面，主辦單位音響超大聲，不可思議的是規劃遊戲地點在草皮上進行，造成草皮受傷了。大家可曾遇見這樣的行程。實在難忘呀
2	停車場阿姨有夠嗆
2	收啥停車費，很爛的點
0	休閒的好地方，安靜，舒適，還有特別的鳥類。
2	新改建的廁所，就維護不佳，真的要好好清潔保養才行，花那麼多公帑改建，如果還是普通級，那真的很可惜。
2	不值得50元門票 裡面沒什麼東西 都是假砲台
2	停車收費沒在一進去之入口就收費,到停好車，過了10幾分鐘才來說要收費，讓人感覺很差
0	整體不怎麼樣，不推薦去，旁邊公園走過去有軍艦可以看，有趣多了
2	收費人員態度超差
2	而且因為是第一次去，停錯位置他們也沒事先說要一百
2	真的很難接受這樣的態度
2	裡面的砲，只有一隻是真的.
2	一位潘姓女性收費員態度非常糟糕，還未決定停車直接強迫開單收費，態度非常要不得 不會再來第二次了!
0	一個極具歷史氣息的古蹟地點，只是感受不到人文的用心，所以蠻可惜.....
2	活動寫到4:30，還有10分鐘就不做了
2	只有幾座炮台而已，沒什麼好欣賞，覺得很無聊！
2	停車場阿姨態度不知道在差什麼
0	五分鐘就可以看完的古蹟
0	億載金城，古老了，保存好有歷史了，風景好，美，在附近也有安平古堡，景點多，美食好，
2	門票是幹嘛用的
2	裡面什麼建設也沒有
2	騙很大
2	我想還是拆了吧
2	價格不公道，不貼價錢舊書賣的比新書貴總之是黑店
2	停車場收費人員態度超差，心情不好整個發洩在我們身上
2	不值得花錢進來看，不如去樹屋or安平古堡
2	太現代化,门太貴.
2	超無聊，停車收費，可是旁邊一堆空格的，超無言…
2	只剩幾座失於維護的火砲
2	建議大家50元留著買飲料或吃的。
2	1050916-小景點，票不太滑算
2	裡面沒什麼卻要收門票
2	入口處服務人員態度極差
2	服務人員說話很不客氣
2	這種地方居然要門票???
2	超爛的裡面比公園爛
2	過於死氣沉沉的古蹟場所
2	幾乎沒有可看之處…
2	沒有維護  環境髒亂
2	只收錢，沒整理
2	很無聊的景點。。。
2	無言
2	服務員態度不佳
2	沒開放 儲存
2	超無聊沒東西
2	服務人員不友善
0	很熱鬧
2	沒規劃
2	很無聊
2	很無聊
2	很無聊
2	真的沒什麼
2	不好玩
2	失修
2	沒什麼啊！
2	這個地方真令人失望。我知道這裡沒有城堡，但除了幾座大砲外什麼也沒有。入場費是50新台幣，但好像沒人付，所以我也沒付。跳過這個，直奔安平區。
2	如果可能的話會給它減分。它實際上就是您在所有相關圖片中看到的拱形磚門。沒有其他的。他們試圖將其包含在包括赤坎塔、安平樹屋和安平堡在內的旅遊通行證中出售，這是一個很大的詐騙。最糟糕的是，這是浪費時間，因為公共交通往返非常痛苦。
0	我們最終做了什麼
0	偏僻了點，但真的很美
0	很適合拍照的地方！
2	開車過來的路有點小，比較難會車點
1	平日來，路邊停車還算方便
0	另外海風很強，衣著跟髮型要選擇俐落些才好拍照🥰 …
1	少有的景象，非常建議來走走看夕陽晚霞哦，但看完晚霞後建議趕快離開，晚上暗暗的沒有路燈哦。不適合開車進來哦～
1	有沙漠感，蚊蟲有點多
0	在這麼偏僻的地點卻有這麼美麗的風景，記得帶拖鞋來換。
0	小型沙漠～ 記得防曬
2	車子都停放在路邊
0	進來的路很小條 技術要夠好喔
1	很厲害的點，以為來到國外了，整片的沙洲，不過風大建議別來，滿臉都是沙子😢開進來的道路非常狹小，也沒有停車的地方，比較不方便，不過看到美景真的值得。 …
0	非常漂亮的地方，適合拍照跟散散步，建議下午來比較不會那麼豔陽高照喲！
0	台灣的沙子愛唱歌...愛吹風...愛跑步...愛哈啦.啼常.戀笑話...所以我們就叫它:"沙哈啦"沙漠!!!
0	太陽快下山時來走走，聽海潮，吹海風。很療癒。
1	要記得帶拖鞋
2	水要帶著因為玩沙後附近沒有水源
1	這樣才方便洗乾淨
0	建議從南灣碼頭過去，墨鏡防風眼鏡口罩拖鞋必備。景色很壯麗，值得一訪。
0	看夜景，聊八卦的好所在。
0	假日下午可以看到很多毛小孩，療癒。
0	吹著舒服的海風，看著太陽下的海港有媽祖雕像可以陪伴~人生享受
0	在媽祖雕像腳下欣賞了109年的國慶煙火
0	非常適合放風狗和小孩的地方
0	理想中的公園，看很多大人和小孩在玩吹泡泡，很夢幻的感覺
0	台南人放空放鬆的好地方，黃昏夕陽超級美
0	適合蹓狗遛小孩踏青的地方
0	很不錯的休閒放鬆及觀夕地點
0	好多人 好地方 很舒服
0	来台南吃太多来这里走走 消化刚好
0	可以放風箏的公園，也有一些遊樂設施，很棒的親子公園
0	帶孩子放風箏的好地方
0	非常適合帶小孩遊玩的好地點
0	不錯，是一個很好的地方！