index	label	text
0	1	寧靜 和祥
1	1	活潑靜逸皆有，禮品部國際多樣化，黏住走不了，遊館會員優惠多多。
2	1	安平老街為台南歷史悠久的老街，
3	0	唉……
4	0	籃球場髒的完全沒人清理都是土
5	1	好的
6	0	很難看到，所以我建議在工作日訪問
7	0	之前花120就可以玩全部了，現在竟然還要悠遊卡才可以進去，門票要刷卡就算了，竟然連進去的每一個設施都要刷卡，麻煩死了
8	1	住旁邊但寧願去行天宮
9	1	寓教於樂的好場所，環境視野開闊適合放鬆走走，讀台灣史400年，不如親臨現場感受一下。
10	1	很多攤販可逛
11	1	整體來說是很棒的景點。
12	0	真的無法，就只是廢棄廠房啊，設計沒有很週全，員工也極度不足，玩什麼設施都要等30分鐘以上，更扯的是都買票進場了，設施還要另外收費，真的是垃圾園區。
13	0	每日限量2000個 觀景台優待門票  沒誠意。。報導沒看到限量  白來的
14	1	景點不錯
15	0	沒進步，亂、髒，名不符實。
16	1	藍白建築很有味道，內部有展覽可以欣賞。
17	0	詐騙樂園，排1小時玩3分鐘，整天只能玩8項20×8，一日票要200？入園費還有其他項目又另外收費，這不是詐騙什麼才是詐騙？
18	1	一路哭著走出龍山寺，回程路上也一路含淚...
19	1	就是在紀念一些人
20	0	能就能 不能就不能;一個問一個的又叫我們等 …
21	0	完全無法接受批評～這樣會進步嗎？ …
22	1	在地人從小逛到大
23	0	空地閒置 垃圾一堆 鐵網圍欄 煞風景垃圾。
24	0	沒控管人數太擠如果想看環境老闆態度變爆差付錢又馬上換臉
25	0	沒有特色，東西太貴
26	0	服務態度太差
27	1	依上船順序自由入座，可以的話坐船頭或船尾，拍照視野最好。
28	0	許多設施應該需要兩個以上的工作人員，但是只配置一個，希望管理階層能注意，要不每一個設施民眾都要等1個半到兩個小時以上
29	0	太髒髒
30	1	獨裁者的紀念館，還我自由廣場
31	1	踏進這裡的感覺像踏入另一個時代.讓人覺得很放鬆.
32	0	根本來罰站的，每一個項目都要排隊30分鐘以上，買一日票完全浪費錢，強烈建議不要買。
33	1	國小課文圖片的「全臺首學」！
34	0	違規停車非常多，草地上都有
35	0	讓遊覽車一車一車的載遊客來
36	0	教導創作人員態度很差！一下子介意 下一場是時間到 一下子催促小孩收工具 ！
37	1	拍照的好地方，雖然不大，但入場費100元是值得的！
38	1	📓引述維基百科：清咸豐八年（1858年），清朝與英國簽訂天津條約，開安平及淡水為通商口岸。安平正式開港後，同治六年（1867年）五月，原在中國廈門的德記洋行派代表馬遜（J.C. Masson）與布爾士（R.H. …
39	1	不算大 但很愜意
40	0	沒興趣耶
41	0	👉疫情管制營業時間到1720，東西壞的壞，一堆設施沒開放，門票還是原價？送的折價券都限套餐使用。
42	1	跟印象中很不同，晚上的感覺很寧靜
43	0	有點小無聊地方
44	0	1.時間還沒到就開始鎖門、關音樂、關燈趕人
45	1	來台南必遊的很棒景點，在大眾廟旁購票登上竹筏遊四草綠色隧道，搭乘竹筏船上有很棒又專業的解說員伴大家導覽，很有樂趣！河道旁是遍佈樹齡逾50年的原生紅樹林，可欣賞紅樹林的自然生態有鳥兒或是夜鷺棲息在林內，也能看到彈塗魚跟招潮蟹，有著迷你版亞馬遜森林之稱，也是臺灣唯一的水上綠色河道。真的值得一遊，也適合帶孩子們來體驗一番！寓教於樂。是我很喜歡的地方！真的好美😃 …
46	0	感覺都沒在維護….
47	1	真的很美，雖然進去之前看起來有點老舊
48	1	園區逛起來很舒服，展覽也規劃的很有趣，適合國小 小朋友及大人來參觀，小小朋友可以在外面草坪放電，很適合野餐
49	0	晚上不要去 噁心死了
50	1	旅遊吃美食的好去處蝦餅當然不能錯過
51	1	觀光客很多，學子與考生適合來的聖地
52	1	終於來了~
53	0	商家及辦公室很不友善，換個錢沒人願意，互相推托
54	1	身為台灣人怎麼能不知台灣的歷史，詳細介紹台灣從古至今的史記，十分值得來看看走走！
55	1	真的是非常有年代的東西
56	1	台灣版的亞馬遜雨林。
57	0	台北市立美術館外牆斗大的標準字LOGO下方都開始有銹斑產生並流出泛黃的銹水，甚為驚悚！館方都不加保養及修繕，還有臉稱“美術館”丟臉至極！
58	0	沒牛，跟以前差太多
59	1	已有三百多年的歷史。 因在清代時期是台灣的最高學府 故有「全台首學」的美稱。
60	1	踏青休閒好去處
61	1	常設展覽規劃用心、有趣！不知不覺花上2個多小時，值得推薦！
62	0	超爛！399票價看一堆髒亂舊設施雖然有些新設廉價遊戲設施但整體園區髒亂不潔（草木未理，廠區就設備鏽蝕髒污只新設鐵製造走道看廢墟）
63	1	主要介紹台灣的歷史文化與原住民文化，很多佈景很用心，加上時常看到的蠟像，也結合過去與現代文化上的演變，很好拍照，有興趣的話可以觀賞完大概三四個小時吧！另外有影院加上時光車站
64	1	老塘湖的風景非常美麗，宛如穿越時空在古代的中國！
65	1	是一個不錯的景點，有停車場，公共廁所，休息的桌椅，週邊還有賣食物的商店，適合帶小孩來這逛逛，拍照留念。
66	1	地方不大，但風景不錯，乘涼聊天，可體驗手拉船活動
67	1	有得吃有的逛，停車方便，附近又有公園可以遛小孩。
68	1	值得一遊，好拍
69	0	很糟糕的旅程，等了很多天，都是滿，滿，滿，好不容易等到禮拜一說可現場後補，叫我們趕快過去，現場買票進場，還有幾百個名額，要我們趕快去，再晚一點就不敢確定了，我們一行人，大人4個小朋友4個急急忙忙趕過去，真的有好多人排隊，而且天氣超熱的，在那排了許久，終於排到了，結果告訴你，還是要在現場預約，我們都快暈了，即然要我們去現場還要再預約，這是什麼規距，不是市立兒童樂園嗎？即然是市立就是要造福百性的，怎麼這麼麻煩，在台北市只是要帶小孩出去玩，竟然這麼不方便，還是以前的圓山動物園兒童樂園比較讓人懷念，我真搞不懂，是時代的變遷還是執政者的問題，讓台灣最最自豪的台北，竟然連小朋友要玩的地方，就要如此奇怪的麻煩，真的無言，
70	1	古色古香 湖邊也有街頭表演者唱歌 很有悠閒感覺 ，門票可抵坐竹船，古宅大院配上大榕樹 真的很文藝氣息 讓人回憶起兒時
71	1	前往高雄時順路來逛逛，很難得看到這麼古老的建築~
72	0	連餐點都等了半小時以上，何況是遊樂設施至少要2小時以上很誇張，根本就沒有玩到…
73	1	戶外有很大的草地可以讓小孩玩哦
74	0	沒有
75	0	只能說 無言！
76	0	非常糟糕的客戶服務，他們基本上強迫你買他們的泳衣，非常粗魯的員工。最好多花一點錢，找一個更好的地方
77	0	腳痠
78	0	防疫期間設施隔一個座位沒話說 但是人數也要算好吧 後面的設施因為這樣根本沒心情玩
79	0	天氣熱室內冷氣也不涼，沒什麼特別的地方可以看！🤷‍♀️🤷‍♀️ …
80	0	園區頗無聊，唯一亮點是煙囪。
81	0	辣基設定，機車不能進入，差評！！！
82	1	大推！不論是館內展覽 或是館外的大草原空間都很值得一遊 長知識 踏青 拍美照一次完成！平日還免門票 怎能不去！
83	0	人潮眾多，每項都需要排約1hr，還有一堆素養低落的，代排、解壓縮、插隊，缺乏人員管理。
84	1	景點非常特別，水與火可同時存在~且前面的小廣場上有幾棵少有的老樹，開著豔暗紅的大花朵，也結果累累如超大型的奇異果（也像臘腸狗身軀的臘腸果）！現整理的較寬敞也乾淨明亮，有些地方好稍待坐一會兒，幾家商店走走看看，吃冰飲品等，很讚！
85	1	很棒的地方!園區內展覽館暫時因為整修!不開放參觀!但園區外有草地可以放風箏，騎腳踏車!餵魚!是個遛小孩的好去處!停車方便
86	1	門口空地可停車，門票100元，平日人不多，可以舒服逛逛拍照的地方
87	0	沒特色
88	0	阿姨太謹慎不讓我玩
89	0	我從一進門就說我要使用悠遊卡付 …
90	1	台南府城，古老安平老街，安平古堡，歷史景點，美食小吃應有盡有，還有附近海景運河漂亮極了，值得來台南古都，很多地方一天玩不了，0K
91	1	新橋啟用，有天空部道，很多遊客朝聖
92	1	很喜歡來奇美博物館
93	1	雖說是刻意營造的場景，但還是有走入時光隧道的感覺。
94	1	非常不錯的景點，生態濕地景觀，沿著湖面風景優美，值得一遊。
95	0	爛死了 星光票 設施都沒有人 空蕩蕩 怎麼玩 設備還老舊 浪費錢的地方
96	0	小孩也要票，已準備好小孩證件，但是小孩很矮，售票處沒聽到沒看到也沒有詢問，到了剪票口，才又被退，說要回櫃檯申請一張小孩票… 很不方便
97	0	對狗不友善
98	1	這次去有租借導覽機，導覽服務與內容說明都很優秀，更優秀的是常設展立體的具象出臺灣各時代的人群生活樣態，包含生活、交涉、慶典與建築等，來一趟臺史博抵幾百次閱讀歷史課本的臺灣史。除了精緻生動的常設展之外，也有質量極高的特展，從教育特展、戰後社會運動、租書店發展與臺灣水文化，都有細膩的刻畫！ …
99	0	被工作人員勸阻不能飲食我覺得很瞎 , 那館內幹嘛擺那麼多販賣機 , 不是自相矛盾嗎 , 二來這裡是一個親子場所 , 父母帶孩子來玩樂放電 , 累了一定需要吃點什麼喝點什麼 , 禁止飲食在這棟場所很沒同理心
100	1	很適合帶小孩來看奇景
101	1	非常的愜意，而且環境乾淨舒適，還有一堆古式建築、小船🚢、溪畔可以好好的拍照 …
102	0	假日遊樂設施排了2個小時還沒玩到，園方要規劃方式改善，1張門票要400多，一直都在排隊中渡過，不會再來了！！！
103	0	水上建物。
104	1	外觀雄偉，仿佛置身於歐美國家
105	1	外觀充滿著異國風情，很有美感，早年為殖民帝國擴展海洋貿易的代表，見證了台灣發展歷史。
106	1	老街內的老建築，在不打擾當地住家的前提下，會有令人驚喜的發現，當地的旅遊服務中心，有旅遊摺頁，探訪老宅屋頂特有的風獅爺（不太確定），超特別。有些街道有京都小路的風味。
107	0	除了燃燒的天燈
108	0	治安真的敗壞，裡面的供品拜完去拿會被偷，整個感覺很糟還有人跟我將說當作佈施，真的是瞎爆了...
109	1	有名的綠色隧道收費200元/人，30分鐘。覺得貴可以考慮搭附近其他的遊船，時間更久，但是有「隧道」的就只有這處，其他是只有紅樹林和濕地導覽，因此若想欣賞隧道美景，這裡是唯一選擇。
110	1	需要門票，含德記洋行、安平樹屋、朱玖瑩故居，很好拍照的地方，德記洋行有室內的屏覽區
111	0	小黑蚊一大堆環境不好
112	0	看起來是水泥造景......
113	1	很美，上週剛去完，個人建議夏秋季(9-11月)OK，若怕熱可坐16-30最後那一班，完後到漁光島去看夕陽。(我們是如此)
114	1	奇美博物館的外圍生態，真的是維護的很棒。
115	1	裡面咖啡廳餐點也非常推薦唷!
116	1	可以看到許多歷史人物、禮器、古物，
117	0	浪費資源，有關單位不用心經營，到處任憑荒廢！可惜！
118	0	還沒全開
119	1	處處是美景，超好拍的。
120	1	附近有一些咖啡店跟冰淇淋
121	1	感謝有這這麼美的地方，住在台灣好幸福，謝謝創辦人_許文龍
122	0	浪費錢，花這錢就當作做公益
123	1	美麗的河邊。
124	0	極端差 …
125	0	結果回家拼起來後
126	1	裡面的介紹很清楚，更能深入了解歷史
127	1	東西便宜 民眾熱情 難得在繁華的城市生活有這種慢下腳步的老街體驗
128	1	5分給獨特
129	0	停車場規劃只有汽車的好，機車要停很危險要跨道，有的汽車又很殺不讓機車過，要嘛就設燈拐彎通行，汽車是鐵包肉耶！
130	0	不喜歡惡魔住的地方
131	1	和國外各大美術館博物館動輒好幾百甚至上千元比起來，門票價格真的很佛心～完全回饋給社會大眾，真的很棒！
132	0	幹，完全沒行人可走的地方，走路就能差點被車撞死，爛地方，爛爆
133	0	人工就是……討我罵
134	1	挖掘出清代櫺星門遺址，成為新聞現場。
135	0	戶外超熱一點都不像公共空間 紀念品店跟廁所好一點
136	0	烏來溪邊的通道全數封閉，說是上游有放水的危險…………放水？！………放水？！睜眼說瞎話！！
137	0	無法形容
138	0	現場設施預約制度規劃不良，不如先不開放
139	0	這裡感覺流動的人口，聽說都是一些怪怪的阿伯😫 …
140	1	園區有出租古代服裝，結合當地建築來此拍照留下倩影，別有翻雅緻。
141	1	有看有玩有逛，很適合遛小孩
142	0	可以逛半天 腳快斷了
143	0	一來整個大失所望
144	1	安平老街除了豐富美食還有傳統文化的人文風情！
145	0	送給閘門入口的女保全！態度差到爆。
146	0	雖然說是古蹟，但也太破了吧。看看淡水學一下好嗎？
147	1	參加研討會的機會造訪臺史館，這裡腹地廣大，展覽內容豐富多元，導覽人員很熱心解說關於臺灣的歷史文化，很適合家長帶小朋友來了解相關歷史文化的知識。
148	1	台南安平必玩景點全台唯一的水上綠色河道
149	0	池塘很髒，有很多死魚和鳥......2018年2月18日
150	0	鴻屋蛋包飯 東西都是冷的 難怪沒客人
151	0	天氣多雲，下雨很多。很多願望都實現了。智周圍的設施很差
152	0	過度商業化，停車場收費不合理，疫情期間避免前往群聚
153	1	台南真是個好地方，從北門一路逛到安平，在逛到市區
154	0	我太太在旁邊幫她拿也不行 …
155	1	我路過 我大嘻哈你們在這我是個路人
156	1	所有服務人員都很親切，管內設施也維護得很好，待個兩小時沒問題！
157	0	髒亂毫無規劃的景點
158	0	只花了50摳/人 …
159	1	2023.02.12到訪，收藏品真的很多，仔細觀賞，可以需要3小時，真的很棒👍～
160	1	踏青的好去處 可以找到松鼠喔！
161	1	適合帶小孩來走走
162	0	開車的人千萬別給自己找麻煩
163	1	不少人來這玩，外頭就像大公園，假日不少人來這休憩，不少裝置藝術很好拍照，停車也很方便，廁所也方便。
164	1	臺灣西洋藝術藏品最豐富的私人博物館，尤其收藏了兩千多把優秀的古提琴，博物館上下內外不管是藝術藏品，或是硬體設施相當細膩精緻，非常值得前往參觀。和臺北故宮一樣，我每年都要分主題造訪。
165	0	阿伯超兇！突然被嚇到都忘記跟神明講什麼了...
166	0	全家便利商店隔壁的停車場，千萬不要停。一個小時200元。未滿2小時收400元。
167	0	真的是什麼都沒有欸
168	1	一個充滿古老玩物與食物的地方
169	0	我的評論是以餐廳為主,遊戲設施都很ok,就餐點不好,每次帶小孩玩到中午都開開心心要去吃飯時,就發現裡面套餐比外面貴,貴就算了,點完又不給人免洗餐具,說什麼無塑環境,看到的餐具,幾乎每家都沒洗乾淨,這樣誰還敢吃,請有關單位好好檢討餐廳餐具的清潔品質,如果達不到標準,那不如就給大家免洗餐具.
170	1	2020.12.20到此一遊，聖誕樹已經點燈了，感覺超棒的環境～當天是聖誕市集活動。
171	0	沒落了
172	0	3.點了21盞燈，因為她後面兩張沒跟我確認，我也怕她用錯，想確認，她雙手舉起不行，要先給錢再給妳確認，說實在的她的動作真的很讓人不愉快，麻煩請廟方再教育訓練一下吧
173	1	自然與文化最好的大自然作品
174	0	十分無聊
175	0	店員不招呼客人還講電話講的有說有笑 …
176	0	排雲霄飛車40分鐘，天空下了不到1分鐘小毛毛雨，之後又出了太陽，員工就非常謹慎宣佈停止排隊！
177	0	入場後才被其他工作人員告知要蓋起來 …
178	0	太貴了
179	0	每個池都有配管理員的奇怪露天溫泉，小小小，感覺很噁心啊不流動又擠滿人的泉水，不清楚摸起來'滑'的是泉質還是骯髒水質，不准拍照電視台的人卻來訪問。置物櫃已老舊，寫著要20元，實際上已達到不用鎖的人性本善。更衣室也不多。。。整體是個嘔吐的回憶
180	0	自備的月老不收
181	1	這是一個美麗的公園，有著非常獨特和重要的歷史。除了作為一個紀念場所，幾十年來，這裡也是人們練習和教授太極拳的地方。剛來台灣的時候，每個週末早上都會來這裡練習。
182	0	態度超級差！沒看過廟宇人員這麼沒肚量的！別人就是有問題才去的！口氣那麼差
183	0	早已淪為遊民窟，髒而且臭。
184	1	整個園區到處都很好拍😂
185	1	門票80元，可租戲服，很涼爽舒適，景色優美，適合散心的地方
186	0	超級黑的店家 1包200 裡面只裝兩小片 加 半小片 總共就兩小半片 ⋯其他地方買可以買2包～3包了⋯⋯
187	1	古蹟場景，很不錯
188	0	「售票口人員需再教育」我的人數為～兩位大人+一位小孩，都是當地居民，問題是帶我老弟的小孩，所以沒有小朋友的證件，售票人員竟要求一個6歲小朋友背自己家住的地址給售票人員聽，才能用台南市民的價格，聽完心裡馬上吐血，也太不親民，不像台南人的風格，剛好手機有找到小朋友的一些相關證件照片，不然真的感覺被刁難～112/01/20/下午入場
189	0	魚差點被萬士的腳熏死
190	1	爽爽涼風
191	0	生日慶活動明明寫消費即可集點，也跟活動單位確認過了，卻有店家(2元黑輪店)擅自設定低消，在消費後不蓋集點章…
192	0	門票太貴了
193	1	特地從台北去看！真的超棒的展場和展出內容，北部沒有這樣的地方，有生之年，要多去幾次！
194	0	打電話詢問櫃台請問你們祭改病符多少錢～
195	1	蠻神奇的
196	1	步道規劃的很好、關子嶺必遊景點！
197	1	非常方便 …
198	1	體驗地熱奇景，參拜三級古蹟碧雲寺，走走看看吃點心🧆 …
199	0	4月28日早上11點15分前往購票，前面一個阿嬤花了五分鐘，輪到購票時剛好11點20分，售票員直接掛上11：20～12：00中午輪休，也沒不告知旁邊同事直接要我另一櫃檯重新排隊。當場傻眼。
200	1	很難得的看到臺灣罕見的-白蝸牛🐌 ㄛ …
201	1	非常棒的地方，乘船時間約半小時，解說員生態講的很詳細，也會告訴你記得要躲樹枝蠻好玩的，樹葉遮頂的感覺和水中倒影相互輝印很漂亮，蠻建議有機會可以搭看看
202	1	位在市中心，門票40元，可以走走逛逛。
203	1	2.古色古香，彷彿置身古時到現在的時空迴廊般的感覺。 …
204	0	不知為何有告示牌寫禁止汽機車進入，還是很多機車進入。
205	1	曾經人氣很旺的新公園,是台北人遊憩休息的好去處,也是中南部國人北上旅遊的重點.曾幾何時,沾上政治色彩,變得陰氣太重,人煙稀少,可惜啊！
206	0	這理除了吃還是吃沒有賣點
207	0	今天和朋友一起去玩了密室脫逃，原本大家都開開心心的，誰知道遇到態度很不好的服務生。解說像機器人唸台詞一樣，根本不知道在說什麼，所以我很有耐心的再問了一次，誰知道對方又像吃滷蛋般講了一堆我聽不懂的話，然後就急急忙忙要請我們出去了，如果真的要賺錢也拜託服務也好一點好不好！花了我$400 ，惹的一身氣😫 …
208	0	没去过啊！
209	1	跟一些歷史文物😊 …
210	0	不好玩
211	1	6月平日早上前往園區，不得不說園區內改建的很漂亮，很有特色，但有幾點實在讓人不解
212	1	全台歴史悠久的孔廟，建於1665年，孔廟包括大成殿、明倫堂和文昌閣，前方有禮門和義路，建築莊嚴、古色古香，文物具歴史古跡，感受先人尊師重道的儒家精神，體會博大精深的教育精神。讚！讚！❤
213	0	瀑布旁有一外籍配偶賣溪哥魚，每份150元，吃了口乾舌燥，可見有太多調味料，買了會後悔。
214	1	導覽活動十分精采豐富，導覽員沿途細心綠色隧道建構的歷史、原因，並詳細的介紹二側的動植物生態，不定時可以看見岸邊有動物出沒，導覽員也會適時提醒遊客觀賞的方向，並來一段即興的動物生態教育。 …
215	1	展區很用心 光常設展的資料就可以耗非常久 但是動線可能有待加強 有些地方不是非常清楚
216	0	建議要買語音導覽設備
217	1	「全臺首學」臺灣的第一座孔子廟，創建於明永曆19年（1665年），當時稱為「先師聖廟」，至今已有三百多年的歷史，由島上第一個漢人政權鄭氏王朝所創立，為的是在臺開辦教育，培養為國效命的人才。清領時期亦延續功能，為臺灣官辦的最高學府「臺灣府學」所在地。
218	1	除大成殿外免費參觀。大成殿全票也僅四十，台南市民免費。在豔陽下可於樹下享受涼風，在周圍現代建築之中，是一個可跳脫並順沉浸在十七世紀時光的好地方。
219	1	博物館裡面不會禁止拍照但不能開閃光燈，介紹台灣各時期的歷史文化值得一看再看！每次的展都不一樣喔！
220	0	但是安全帽的味道真的很臭
221	0	小孩在室內遊樂場受傷, 球池沒有球, 但也不封閉或限制進入, 但週邊保護防護並不足夠, 也不受理強制責任險, 認為是小孩自己撞到造成... 劣!
222	0	更個名就能改變事實？
223	0	小黑蚊超多
224	1	我是第一次去的，讓我感覺到店家其實很用心的在經營哦~~~ …
225	1	一個專門讓觀光客逛街的地方 ，
226	1	很喜歡這個體驗，很愜意，搭船的時候有導覽員會解說歷史跟紅樹林的一些知識
227	0	爛
228	0	房租太貴導致店家賣的東西的cp值很低
229	1	兩旁的紅樹林向中央生長齊聚，交織出茂密的半圓綠頂，一層一層的向前方疊出深邃的廊道，不知盡頭而顯得神秘，四草綠隧也因此有了小亞馬遜之稱。國內外遊客紛至沓來，長長的等候為得是乘上通往這座仙境的管筏，隨著波紋緩緩前行，微風掠過輕撫臉頰，承載陽光溫暖的重量，穿梭在這座城市秘境裡。 …
230	1	自然界的現象，頗為神奇，可攜眷前往探索奇特的景象！
231	0	但是休息區座位太少，若要室內休息，還要特地消費，不可久坐！！（雖然使用者付費）
232	0	名牌介紹字太小！對老人不友善!天陰路照脚！很恐怖有像鬼的像！路不平工程很久！
233	1	表演值得一看再看
234	1	古老的樹屋。。非常值得一來在來。。
235	1	姊弟倆最愛的世外桃源，可以爬樹、坐船船、餵魚、餵鴨子，還有很多其他地方沒有的景色可好好大拍特拍，讚讚💯💯💯
236	0	大樹展超雷，展區超小，就是幾樣遊樂設施，感覺佈景是花了不少錢，小小展場大概擠了超過300人吧，設施有的還壞了，基本上就是都在排隊，一張門票260-300元，拿去隔壁兒童樂園保證你玩到不要不要的，甲蟲五台壞一台，噴水的五台壞兩台，充氣遊戲區裡面大概擠了50個小朋友，比夜市還誇張，真的很少批評展覽這麼鳥的，不要被網路上一堆宣傳文章騙了！
237	1	另外往下走蝴蝶很多很美
238	0	它告 …
239	0	TMD爛不解釋  不會再去
240	1	但整體來說很值得來！
241	0	地上清潔度不夠,到處都看見垃圾,可能垃圾桶要多一點！地上的葉子也要掃一下,否則觀光是推不起來的！
242	1	雖然休館中但建築和景觀設計都很現代 不錯
243	0	門票貴 設施都要排一小時半以上
244	0	很難逛，無聊
245	1	有許多店有賣小吃&古著 …
246	0	有臭魚
247	1	安平老街就位在天后宮以及安平古堡旁，與古堡街垂直的延平街這一整條都是安平老街，這是300年前荷蘭人所建立的第一條道路，所以有著「台灣第一街」的頭銜，這裡也是許多觀光客朝聖的地點。 …
248	0	爛透了 很多設施假日才開放，園區基本上8成沒有空調，假日的中午到下午超級熱！每樣設施都要排隊1小時以上（沒有冷氣）超雷，真心奉勸不要來
249	0	沒用
250	0	雖然我不是國中生，但這聽起來遭透了對吧
251	1	老師的起源-孔子，孔子無私、因材施教的教學，更想讓人了解他過去的教學學殿。
252	1	1120406，佔地很大逛起來很舒服，景觀跟建築都很優美，當天也有許多對在拍婚紗；常態展門票為新台幣200元，覺得很值得，有兵器、動物、樂器、畫作等等的展覽，認真逛大約要2~3小時才夠；展覽外也有超商跟餐廳，也不用擔心逛到很累。
253	0	拜拜抽籤完，想詢問解籤，結果解籤人員態度極差，一副就是你問了什麼，說清楚講明白，跟他說明問年運，他說沒人這樣問的，去重抽！！不能好好說話嗎？不懂不是你可以講解嗎，把好好的心情都打壞了，希望這篇廟方人員可以看到，是2/12號跟朋友去的，應該要好好刪選義工人員！！
254	1	很讚的博物館，外縣市要200元，看了很久，樓上畫需有背景知識比較容易了解。
255	0	男同當眾裸露，十分不雅！
256	1	白色的歐風建築設計十分壯觀華麗 …
257	0	文昌閣不大供奉文昌和魁星爺
258	1	古色古香的街景，店家販售商品大同小異，適合逛逛人物歷史的建築，採購當地特產蜜餞。
259	0	昨天遊客攤販路人公車被弄火大🔥怒 …
260	0	只能說超級適合撲地墊帶寵物
261	1	好豐富的地方喔 古色古香 門票只有100很好拍景色真的很美
262	1	可怕的地方，我和父親想去洗澡。然而，當我穿著完美的泳衣進入時。他們告訴我們，我不能穿它們，必須買一雙新的。
263	0	不好玩，心情很不爽
264	0	這是三合一景點
265	0	但是，根本沒時間看到那邊去，
266	0	這𥚃的工作人員對小孩非常兇，還不聽解釋，令我非常失望 …
267	1	唉⋯從這看到對岸，新北那頭漂亮多了，各項規劃都壓勝北市（照片為延平河濱公園的對面，這ㄧ頭沒啥好拍）
268	0	攤販越來越不吸引人、重覆性質太多，唉
269	1	超級無敵推薦，尤其一定要乘船，真的很棒，在悠閒的午後坐著濕地導覽的船聽解說，拍照，感覺整個人都活起來了
270	0	每個東西都要排一個多小時
271	0	主要建築物是仿古重蓋的，位置也移動過
272	1	美不勝收！
273	1	逛逛可以了解到很多歷史故事.
274	0	假日人潮絡譯不絕..
275	1	吃得非常多~~但價格有些真的滿貴的，要考慮一下，風景景點不少，也很密集~跑景點很方便！停車場很多都爆滿，這要注意一下，整體來說還不錯~~
276	0	來的不是時候。已封閉施工
277	0	動線太差，產品同質性太高，泡溫泉費用太高。
278	1	吃蝦餅 蚵仔煎 古早味冬瓜茶
279	0	沒什麼好看的，幾塊錢就可以點個飛天燈籠，為周圍的污染做貢獻
280	1	"你GOOGLE自己的資訊速覽說到：""中正紀念堂是中華民國首都臺北市中正區一座為紀念前中華民國總統蔣中正而興建的建築，落成以來成為臺北市在國際上最著名地標之一，也是眾多紀念蔣中正總統的建築中規模最大者。"""
281	1	光看外觀就夠了。輸入零值。
282	1	真火,近距離體驗的確很新鮮，停車場又超大的，適合大小朋友來走走看看唷！
283	0	滑索坡度太陡，不建議小小孩玩，由最高往下滑，接近倒掛狀態。
284	0	無水份予客人補充，太多收費項目實在令我感到很不便，除儲物櫃外，沐浴及使用風筒等項目都要收費，實在太煩擾了。
285	1	很多攤位 便宜好吃又好逛
286	1	腹地大，蠻適合家庭出遊的好地方，值得一遊
287	1	門票價位合理 博物館內 展示物品 精彩多元化 是一個值得一去再去的地點
288	1	來台南玩必逛的景點之一，很多台南小吃，在安平古堡旁，假日人潮很多
289	0	螞蟻很多，黑的紅的都有，帶小朋友去要小心
290	0	週六假日參與領取$100白晝消費券，一堆攤商與餐車在大門口科教館區域參與活動，發送台北通消費券工作人員的帳篷，架設在大門前一處大型施工圍籬旁！下午4:00開始發送消費券QR code，施工圍籬內嚴重噪音與焊接味道，完整圍繞在必須排隊2小時以上的排隊隊伍中！
291	1	非常美的博物館，已經來第二次了
292	0	垃圾預約系統
293	0	街道髒亂
294	0	很普通  又老又窮
295	1	水火同源→奇景+附近風景優，走走散散心很棒的。
296	1	古樸舒適的環境，考生會來拜拜及唸書。入內要門票，在外圍走走免票可拍照。
297	0	今天我去玩兒童樂園這些小孩真是沒術質，我排隊插我隊，而且是一群年輕國小老師帶，我明明最早排隊，後來一堆穿國小團體服的學生直接插在我前面講話很大聲引響到我了，陳的覺得很爛的管教放式。
298	1	很美麗的孔廟
299	0	完全不推薦 寧願➕一點錢玩正規的九族六福劍湖山都狂贏這裡  抵用卷也是騙錢非要你買套餐才給抵 小火車往前沒多久就倒退了（完全沒意義）射箭給三發不專業的射箭 還有很多進去就知道你多盤
300	1	一路走下來可以試吃近乎整包量的蝦餅 …
301	1	這裡很好玩很值得再來 …
302	0	設施都蠻沒誠意的，450真的太貴，非常不推薦
303	0	水火同源
304	0	請不要再問我這個問題，我是去工作，不是去玩，別天天問，拜託。
305	0	垃圾動線
306	0	小鼻子小眼睛，能幹什麼事？
307	0	只收錢，沒整理
308	1	古色古香
309	1	下午後比較不熱很適合去走走，街道古色古香小巷子裡處處充滿驚喜，吃的東西也多
310	1	很放鬆的地方，夕陽很美
311	1	交通便利，適合戶外活動。
312	1	美麗的不只是歷史，還有這個地方。
313	0	沒有人數管制，導致每項設施幾乎都要排一到兩小時，服務人員態度非常極端，好的非常好，爛的非常爛，只能說還好設施勉強算便宜，不然真的是花錢找罪受
314	0	服務人員態度差
315	1	體驗一下蠻好玩的
316	0	安平古堡售票口前方有個賣叭噗冰淇淋阿姨不要去買 上次去買朋友只是說你要請客唷，我都沒說好，阿姨就直接一口氣做了10支叭噗冰給我們 中間我還跟他說不要，但他直接忽略我講到話強迫我買單....出去玩的心情瞬間差掉
317	0	差评！台湾最让我失望的一个景点，上楼前让人排队拍电脑合成的照片，强制性的！还要付费购买。如果不拍照大家上楼的速度会加快很多。下楼等电梯排队也至少30分钟，只有一部下行的直梯，效率非常低，下去坐电梯的路线强制经过一层购物的商店，卖的商品都是玉器，珊瑚，没有一点101的特色。让我对此印象极差。
318	0	好無聊的古蹟
319	0	再也不會去的地方，書屋有一堆老鼠，我們用餐時牠們在周圍可見範圍內亂竄，距離我們最近的一次不到一公尺，實在吃不下去趕緊逃走了。兩個服務員跟我們說這是正常的不要怕牠們不會跑到櫃檯這邊牠們怕人，但是我們迷路折返時目睹一隻老鼠朝著站在櫃台內聊天的兩位小姐跑去了......直直衝向結帳臺，食物衛生品質堪慮。
320	0	門票很便宜，所以我帶了泳衣和毛巾，但他們拒絕了。如果不是您想要的泳衣類型，則必須租用。這完全是個笑話。
321	0	爛死，標示不清就算了，票也貴的要命，遊戲少又排的要命。奉勸大家很閒錢又多再來。
322	1	二樓常設展場具有與日本江戶東京博物館非常神似的風格，以橫渡黑水溝的大船作為展場代表作堪稱一絕，就像是日本橋在江戶東京博物館一樣，呈現出畫龍點睛的效果。各個時期的展區氣氛營造得非常具有特色，各種聲音、影像也都能夠配合得相當完美，是每位臺灣人、甚至是每位來到臺灣觀光的旅客都應該前往一遊的景點。
323	1	雖然都是仿古建築 卻很有心的設計
324	0	進去要門票，玩遊樂設施又要再花一次錢，很不值得。
325	1	奇美博物館位於台南都會公園旁，典雅復古建築搭配優美風景，每次造訪，都令人驚嘆不已。
326	0	打盤子削凱子景點之一，不建議去
327	0	超難停車
328	0	是在哈囉，我在豆豆先生前面看作品不小心被自己絆倒，不小心按到拍照(我手機開相機要給我妹妹拍下面的機器人)，結果老闆抓住我的衣服不讓我走，而且我不知道我有按到，一直叫我刪掉刪掉，真的是，一整天心情超不好🙄 …
329	1	所以我特地去奇美博物館參觀 …
330	1	水池也不錯！！
331	0	又小又擠、餐飲不佳，可憐的台北兒童。
332	1	好多美食小吃，也有許多伴手禮可買
333	0	每個人說話的口氣聽起來讓人很不舒服
334	0	沒什麼特別，感覺就是利用小孩再賺錢，不值得再去的一個地點
335	1	有免費斗笠可以借，太陽太大時很有幫助！
336	1	自然的景觀 奇妙有趣 開車可到 也有美食廣場跟公廁 對面就是碧雲火泉步道 也可練練腳力到碧雲寺或枕頭山
337	1	假日人很多
338	0	舉辦‘’限人數‘’的手做體驗，1桌6人，當天每桌都只坐3～4人，但是我們2大3小跟一對夫妻坐一桌也沒關係，材料看起來就是2人份，卻只願意‘’一個家庭只給一份‘’，去詢問可以多給一份材料？工作人員堅持一個家庭只能一份，再詢問3個小朋友剪刀2支可否多給1支還是不願意，旁邊夫妻分了一支剪刀給我們小朋友，志工馬上補了一支剪刀給他們，請問我們2位大人不算人嗎？如果工作人員沒有熱忱也沒有專業，還有她介紹的時段她介紹完說她要下班了，不如不要請這種人員，一堆材料工具在旁邊也不願意提供，不如也不要辦這個活動了。
339	0	導覽員講解，大半的時間在說綠建築！
340	1	蠻看天氣的，若天氣不好就沒有曙光秘境的感覺，旁邊的博物館倒是不少大物的標本值得一看。
341	1	如夢令【四草綠隧道】 …
342	1	有一種微妙的古風，適合下午陰天去走走，還能有拉船的體驗，票價還能夠接受，也有古裝能夠租借。
343	0	好無聊
344	1	船上的導覽人員講解非常用心詳細，感覺得出來是有做功課不單純只是介紹是什麼植物、什麼鳥類。非常推薦👍🏻
345	0	噁心的地方，污染大自然
346	0	門票不貴，學生半價！
347	1	門票100元 當天待一整個下午 看看台灣歷史跟古物是個不錯的地方 希望下次來能看到不一樣的歷史古物
348	1	可去看看古蹟
349	1	展館高挑寬廣，也有許多互動式多媒體展示，很適合孩童
350	1	可以花3-4小時慢慢逛慢慢欣賞。 …
351	0	聽到228這種挑動仇恨的名字，還美其名和平，就完全不會進去玩了，我只是經過，不是進去。
352	1	看似廢墟，但很有俠客片和塞外風情的一個地方，感覺像穿越一樣，拍古裝的好選擇，裡面也有戲服出租
353	1	非常復古有意義的象徵，是值得走走的地方
354	0	該地點將關閉至 2017 年 11 月 20 日。參觀前請考慮這一點。
355	0	人擠人沒有停車場了無新意
356	0	工作人員讓人非常不舒服，尤其是展館的人，一點都不會想再來，一直跟在旁邊，如果可以連一顆星都不想給！
357	1	✨IG美食帳：@jinjen_note
358	0	裡面的奇怪帳篷佔用公園地，還不時傳出煙味，北市府無力處理啊！
359	0	這裡只剩擊鼓可看，其他的都很差
360	0	在裡面買的飲料走出去一段時間要回去的時候他跟我說飲料要在外面喝完 我飲料在裡面買的走出去而已 飲料店蓋在裡面幹嘛:))
361	0	水溫控制不好。有時候冷水只有一半的水。
362	0	下山交通極不方便，車內又擠又要站很長時間
363	0	設施每次體驗人數一次都只有一兩位，等待時間超級久，至少都要一兩個小時
364	1	先說感想：絕對值得造訪！
365	0	去玩遇到下雨，早上說什麼天候不佳就關閉設施，結果大部份一日券的設施全關==就算後來沒什麼下雨也不開放，讓人感覺很不舒服，感覺被騙了
366	1	停車便利
367	1	有著台灣亞馬遜河之稱的台江綠色隧道，可搭乘船筏穿梭於紅樹林之間，船家提供救生衣與斗笠以及專業解說，解說紅樹林生態等資訊，河道不長 適合拍照留念，感受自然之美，搭完船後可用票根免費參觀一旁的抹香鯨博物館，裡頭有許多海洋生物標本與古代漁業器具，順便吹吹冷氣，避暑一下
368	1	平日悠閒半日遊！裡面有不錯的展覽！是消磨時間的好地方！
369	1	逛街美食好地方
370	0	施工太久了!
371	0	老街幾乎都一樣，說穿了沒什麼特色•••
372	1	喜歡這個地方，寧謐舒適，帶學生來也極具傳承效果👍 …
373	0	停車場排隊排40分鐘 真的很扯
374	1	旅遊景點有很多紀念品商店。
375	0	不好玩。。沒有感情，可看的就更少了。難道要去博物館看毛絨玩具？？誰推薦的？？我不為人知的心理世界。。
376	0	動線不太優
377	1	這個博物館真d是很棒！
378	1	有置身在歐洲的錯覺，一踏進園區就有著浪漫的氛圍。
379	1	建築也很美
380	1	於是在10/29下午入園遊玩，
381	0	服務員很差
382	0	沒有水耶！水火同源----？
383	0	量完之後才說帽子要拿掉 從量 …
384	0	就一攤吃的  不然就是買泡麫  熱水就一個角落有   爛透了
385	0	人潮太多   道路狹窄   動線不良
386	1	如果你跟我一樣熱愛歷史 那這裡會是你喜愛的地方
387	0	整個社區應有統一的規劃與管理，尤其是狹小的街道上還有載貨摩拖車穿梭遊客人群兒童之間，險象環生還排放著 （臭味）廢氣......道路又黑又濕！衛生也不佳！這樣的國際觀光景點？？？真的很丟台灣人的臉吔！？
388	0	沒看頭
389	1	台灣儒學文化的重要里程碑，來到台南不可錯過台灣第一座孔廟，全台首學，透過建築了解台灣移民文化的歷史脈絡，孔廟是不可或缺的一站。如果你喜歡這種風格的婚紗，也是富含文化底蘊的一個很好選項。
390	0	我已經做得太遠了
391	1	吃家務
392	0	一次性景點，不必特地去
393	0	點完東西要先付款,老闆收錢好像在搶錢一樣. …
394	1	平淡無奇
395	1	看到朋友po這個展覽的時候感到有趣，加上網路上看到的寫手皆為正面評價，特別找了一天來看這個特展。特展門票不算便宜，全票480元。 …
396	1	50元門票三個展場，都很有特色值回票價！
397	1	喜歡他的建築風格，白牆配上淡藍色的門很好看，內部歷史介紹值得帶國小的孩子去參觀，好地方。
398	0	人太多
399	1	環境清幽，但假日人潮眾多
400	0	二、各種外包遊樂設實收費過於昂貴，。
401	1	到處走走看看.好地方值得一遊
402	0	設施爛透了的公共溫泉池，提供熱水的只有ㄧ間淋浴間還要投幣，什麼鬼啊，基礎設施超差的，真是丟臉，讓外國人看笑話！！！超爛的泡湯體驗！………… …
403	0	幽暗髒亂
404	1	很有特色的景點 還有德記洋行可以參觀
405	0	門票490，貴到哭，裡面說實話就是其他照片那樣沒有很大，唯一還行的就是表演，其他都沒什麼好玩的。google評論超級沒誠意，全部都長一樣是怎，給網美來拍照是還行，一般民眾遊玩真的沒料，除非你是盤子不然別來，浪費錢。
406	0	一日票明明就只能玩13項，為啥售票口的人說全部都可以玩??排了半小時才說要另外收費，要另外收費也不標示清楚，騙錢的遊樂園
407	0	虧你還是幫神明回答信眾問題！想要問問題的還不如去行天宮！素質真的是有夠差的！瞎
408	1	P.S：照片前方是「天使之吻」，需要一點點想像力！💋 …
409	1	可以懷念以前的生活環境多麼悠閒輕鬆！ …
410	1	喜歡拍照的人，來來來，太好拍了，哪裡取景都好看，第一眼就讓我想起大陸的（宏村），這個經營者太有心了
411	0	資訊老舊不更新，展場、行銷都是。網路時代了，好好經營一下門面唄
412	0	整修中，2017年底才開放
413	1	好玩！但假日不推薦來，太多人了哈哈哈😹
414	0	聽不懂我們的意思 我們就跟他說沒事了 …
415	0	我對泳褲不合適很生氣，所以我穿了更長的泳褲 - 有人告訴我不允許
416	1	20180915部分設施整修中，內部環境舒適，樹木都很高大有很多松鼠
417	1	人多
418	1	輕小說「貓語人」系列「殺意樹」 …
419	0	偶然看到這也能變古蹟,沒有負五星只能給一星
420	1	台南四草著名景點，附近有停車空間。
421	0	很無趣的地方 停車位也少
422	1	聖誕節週末市集🎄，每年必須來一次，一定要預先投票唷！館內的展覽，可以認真逛逛沈澱一下心情。 …
423	1	下雨天的到訪.更添幾分風味.
424	0	廟很醜
425	1	孔廟又稱文廟，建於明永曆年間，是全臺最早的文廟，也是清末之前最高的官辦學府，故有「全臺首學」之稱。這座孔廟是由鄭成功部將陳永華倡議修建，清及日治時代歷數次修建，現今主體則為民國66年（西元1977年）整建而作。 …
426	0	髒亂
427	1	結束後也能去對面的府中街逛逛，或是到附近的台南美術館、台灣文學館等地方參觀拍照。
428	0	工作人員的臉在78💩什麼還有口氣態度再差什麼意思的
429	0	門票459，動線很差，很多設施早上跟晚上不開放，每項設施都要排隊1小時-2小時，排隊要玩糖晶落體，因為安全設備不足，所以必需等玩飛天宅急便的遊客玩完所有設施有多餘的安全設備才能輪到，一整天只能玩到3項設施左右，所以cp值很低
430	0	去這裡不如窩在家
431	1	裡面很涼，有些東西可以互動跟歷史可以看，還不錯
432	1	裡面有展示一些荷蘭時期的歷史
433	1	真的很厲害！裡面有許多有趣又好看的拍照角落，非常值得來參訪！ …
434	0	沒東西
435	0	不用門票，夏天蚊子有點多要小心
436	1	走在湖邊被鵝咬:)))
437	0	目前根本是工地粉塵瀰漫，開放空間大減卻還收全額的門票. 這段期間千萬不要去.
438	1	河裡沼澤中有一些魚跟螃蟹，樹林間躲藏著一些鳥類，完美保存了自然生態。
439	1	全臺首學！入口處的門檻全臺最高，非常好的喻意，要為人帥表不容易要金榜題名更不容易，學子加油，祝福考生們試試如意。
440	0	官商勾結侵吞巨資，假包工程，真吃巨額回扣，
441	0	停留時間短 …
442	1	運動的人很多，遊客也很多
443	1	CP值超高。解說員超專業。這次時間安排太短。看不完😂。留點遺憾下次再來逛。推推👍🏻 …
444	1	內外都屬於歐美風 …
445	1	漂亮
446	1	言过其实，没有感觉很好
447	1	很久以前來過九份蠻好吃的説
448	0	沒地方可停車，厠所很髒，又少，東西又貴
449	1	可以進去安平古堡看看
450	1	普普
451	0	1. 無論語言如何，標牌和指導絕對令人震驚。
452	1	四草隧道的周邊紅樹林中常見各種動物植物，像是同屬紅樹科的海茄苳，土沉香，五梨跤．水筆仔等仔細觀看，也可以發現是地上的招潮蟹…沙蟹，彈塗魚等生物，幸運的話還能看到台灣黑面琵鷺
453	1	我很喜歡這裡藝術作品
454	0	不舒服
455	1	棒棒棒
456	1	非常用心的台灣歷史館 很適合親子 全家來逛
457	0	服務態度非常差。不推薦。還沒泡就一肚子火了 老人家吵鬧 衛生習慣非常差 素質低落
458	1	很棒的景點，包裝，保持，整體規劃都是值得一看再看好地方。
459	0	太少了
460	0	沒有人數管制，導致每項設施幾乎都要排一到兩小時，服務人員態度非常極端，好的非常好，爛的非常爛，只能說還好設施勉強算便宜，不然真的是花錢找罪受
461	1	炙熱的溫度讓人不想走出戶外，來此參觀一遊，高眺的空間除了吹吹冷氣讓人舒服一夏,豐富的展覽品讓年紀大的人懷舊.小孩來此可了解歷史文化，展館內有免費VR體驗或搭乗時光火車（有場次），寓教於樂很適合大家來一遊！65歲以上國民平日免費入場.
462	1	2.二樓跟真人等高的公仔,進香繞境的場景,先民渡船過海到台,很逼真 …
463	1	舒服的環境
464	1	增添更多各種時代繪製的地圖、照片或手繪圖像、多媒體互動設施，更令人感動的是多了許多民間贈與的文物。 …
465	1	科學館九樓的圖書館館藏豐富、空間寬敞，三不五時還有一些針對主題的小型特展，真的很棒！唯一美中不足的是，夏天天氣較熱、圖書館在頂樓更是早、中、晚，東西側四面八方接受陽光洗禮，真的很熱，特別是假日人多時，好像只有櫃檯和門口處有開冷氣空調，裏面只有送風，坐下來看雜誌，看到汗流夾背.......看來得再減肥10公斤惹！！
466	0	兩個人逛10分鐘，連停車費130
467	1	真的是一個非常非常漂亮的地方，如果時間夠，逛上一天都不覺得奢侈。
468	1	記載了台灣400多年以來的歷史非常棒
469	0	以為已是拆掉的地方
470	1	人疊人的地方/不敢相信走一半看到一條小巷馬上就往下去/靜巷內空無一人坐在街梯道上享受著寧靜的片刻/
471	1	這個地方無非是拍照的好地方。
472	0	動線規劃雜亂，地圖標示不清，一日卷能玩的設施只有13種，先維修兩種。然後我的小孩100公分又有四種不能玩。但是價格一樣200元的一日卷
473	1	相隔一個月，再帶家人來二拍，今天比上次周日來，更多遊客，但依然不減拍照的興致～依然很美！🥰 …
474	1	到處古色古香，而且有很多懷舊的小東西可以逛看，附近都很有那種舊城小巷弄的氛圍鑽來鑽去的，個人認為下午３－５點去最適合，斜射的陽光真的很好拍
475	1	非常熱鬧美麗的台南安平，來到這當然來日式的店家走走，來來到港邊拍攝夕陽，享受老街的美食。
476	1	獨裁者廟
477	0	在摩天輪外沒戴帽、負責拍照的這位先生你真的態度很差，你說拍不到小孩全身，我說沒關係直接拍就好謝謝。我因為腰不舒服不想抱孩子起來拍就這樣不知道哪邊惹到你，你態度很差的說什麼～那不用拍了！ …
478	1	收費便宜，場地很棒且新穎，能認識自己的國家歷史很棒
479	0	星空歐比特拉的排隊預估時間非常不準，我在20分的地方排了1小時才到，早知道要1小時就去排其他設施了，荒謬的預估時間嚴重影響遊戲體驗
480	1	九份的美基本上是外面的山景及海景，不建議進老街消費。
481	0	臉臭得跟什麼一樣 問問題態度有夠差
482	1	奇美博物館外面的草地很適合野餐.親子遊玩.散步.溜狗
483	0	112/7/1打電話詢問問題都說可以使用
484	0	服務人用，大部分是外勞
485	1	常設展內容豐富，仔細參觀要一整天。
486	1	裡面有很多歷史文化 東西可以觀賞 拍照
487	0	老舊設備要定期維護！安全很重要❗️
488	1	第一次在台灣夜市買了想吃的骰子牛排
489	1	若到碧雲寺可就近一遊。
490	1	非常值得參觀的博物館，有蠻多互動式的展示方式。使用愛博物館卡可以免費參觀，租借語音導覽機也有優惠。一樓的火車體驗劇場很有實境感，隨著窗外影像流逝，車廂也會有對應的晃動，有點可惜的是動畫沒什麼邏輯，臺北火車站出發居然會先看到關渡大橋，然後圓山飯店在旁邊？後面穿梭時空的橋段也就算了，歷史博物館居然能接受這種錯置地理的東西，實為不可思議！ …
491	0	東西好吃，但交通規劃有夠糟，難道不能讓私家車及計程車不要上來嗎？（當地居民除外）公車班次那麼多了，應該夠坐啊～
492	0	它不是一個旅遊目的地。
493	1	湖中間有拜財神 …
494	1	整體環境很舒服
495	1	好好看看圖片
496	1	停車方便，市集適合家庭去逛逛，裡面有許多傳統美食佳餚，值得前往。安平古堡，樹屋，開台天后宮，四草綠色隧道……許多景點都在附近，值得細細品味台南好風光好人文。
497	1	傳說中甲甲的聚集地
498	0	一言難盡
499	0	欺騙大人的兒童樂園~
500	1	於今更是觀光客必到之處。
501	1	瀑布很美
502	1	這句話是奇美博物館的創辦人許文龍先生想要表達傳遞的精神…… …
503	0	爛！
504	1	聽人員解說，此處是畫家購買許多古老建材慢慢建構而成，後來畫家出名後，老塘湖才慢慢廣為人知。
505	0	是要讓坐輪椅的 用飛的嗎 …
506	1	視野好😁空氣好😁風景美⛰有大自然形成的奇特景觀🔥……🤩🤩 …
507	0	付完門票後，給了100元折價券（50元兩張），吃飯結帳時被告知滿250才能使用一張50元折價券。所以總共要花500元，才能折100元
508	0	闖金字塔冒險不如找便條紙彩蛋
509	1	非假日來，遊客沒太多，很幽靜
510	0	態度不好
511	0	但館內7-11動線有點擠⋯
512	1	好吃又可欣賞風景
513	0	2.點了碗雞肉飯、滷肉飯，飯整個黏在一起，完全吃不下...。 …
514	1	環境清幽且特殊的景觀，可以來散散步～
515	0	整條街都是賣天燈 製造污染又危險沒有什麼特色
516	1	台南四草隧道，建議大家可以網路上先購票入場，早一點起床前往排隊體驗～值得推薦
517	1	好玩好逛。推薦小孩玩DIY椪糖，小孩每次來必指定體驗～但是不太好吃就是了～
518	1	第一次來到台南新地標：奇美博物館
519	1	真的很漂亮，也滿有趣的。只是航程短了點，好快就結束了。
520	0	不會有第二次
521	0	規劃很糟糕！指示亂七八糟，雖然不大，但很難找到要去的地方！門票太貴！！2大2小花了💰1500門票，2點入園，吃了午餐消費💰1200，什麼也沒玩到！不適合140cm以下的小孩。大多數遊樂設施5點前就關閉了。很遺憾的一次行程！ …
522	1	在過去的 6 年裡，我一直在台灣泡溫泉、公共浴池和游泳池。我熟悉台灣的沐浴文化。這是我第一次因為我的泳衣是“錯誤的材料”而被拒之門外。
523	0	我禮拜一去，結果買了個星光票，什麼都沒有，表演也沒了，只能坐小火車繞一下什麼都不能玩，爛透了
524	0	不是穿著泳衣去的地方，下面有一個叫emperor myeongtang的室內私人浴池或者公共浴池，那就好多了。
525	1	有天鵝,浮雕
526	0	態度很差臉很臭，點餐都不理人馬上走入不吃
527	1	水筆仔的故鄉,分別在台南的四草綠色隧道以及和台北的關渡紅樹林,可以令大人`小孩嚮往,前往四草綠色隧道,有種袖珍版的世界亞馬遜河之稱,但你們要進入最裡時,會碰到樹木,但是,樹葉不要碰,樹葉上有毒。為什麼,會形成四草綠色隧道,在三百多年前,一場下不完大豪雨,讓四草的大壕溝變成滄海桑田,這個就是大自然天地送給神奇秘境的禮物。 …
528	1	很適合全家人踏青，帶寵物溜達，或者親朋好友間辦戶外活動的好地點👍
529	0	密室逃脫超爛106一場很爛才一些些關卡超坑..
530	0	街道不長，物價比高房租的信義區還貴，聽說在地人也不會在當地買菜。
531	0	晚上六點半左右陪朋友去求姻緣，添油香的櫃檯是三個年輕人顧的，態度還可以！但花300塊領供品的櫃檯就很差勁，甚至兩三個人在寺廟裡抽煙聊天，花了300元更被草草了事，整個講解過程大概30秒結束，總之過程極為糟糕，若這是國家級的寺廟真的蠻丟臉的⋯比較像巷口的土地公廟！
532	1	純觀光夜市
533	1	還可以，門票可以接受的，裡面很大，需要逛很久
534	0	16:00的局跟我說15:20過來等
535	0	進去到裡面 那個也不能玩 那個也不能玩 每一個都報名停止
536	1	小而美的古蹟，值得走走
537	0	沒規矩 沒制度 很爛的兒童樂園
538	1	台南孔廟是台灣第一座孔子廟，也是最早的文廟，建於明鄭時期，已有三百多年的歷史。它是一座重要的文化古蹟，也是臺南為文化古都的核心¹。台南孔廟有許多特色，例如：
539	1	這是台南有名的一級古蹟，適合全家大小一同前往參觀喔！
540	1	以前是紀念蔣介石軍閥的廣場
541	0	為何照片中的阿伯剛剛也有喝水，保全看到就不糾正 …
542	0	十分老街，消費十分黑也十分貴～
543	1	很一般的公園
544	1	戶內戶外都很值得去走走，絕對驚艷！
545	0	今天非假日，很多店家都沒開，瀑布水量很大，前幾天下雨吧
546	1	最好坐在最前面或考兩側
547	0	真的很爛在維修也沒告知官網也沒有公告
548	0	只能燒一炷香
549	1	有穿越時空錯亂🤪的驚喜～記錄那年代歷史的建築，生長在科技發達衣時無缺的我們，很難明白體會到那時的艱難，今日也讓我來穿越不同的時空將美景進收眼底大飽眼福 …
550	0	密室逃脫體驗很差，真心不建議去，還是去專門的店玩吧~ …
551	1	台南著名景點，建議到此一遊來看看，還不錯。停車場大，有廁所，有販賣區。
552	1	旁邊樓梯下去有好多蝴蝶 看蝴蝶的時間反而比水火同源久
553	1	館內展量不多 有分常設展跟特展 常設展就是針對我國歷史特色來展現 館外很美 很有特色 有片超大的太陽能板 拍照的好地方 遊客目前還不算多 若住在這邊也不錯 應該很多南科人會選擇這邊 旁邊就是未來的棒球重鎮 亞太國際棒球訓練中心 ，停車費不便宜
554	1	環境清幽，有大片草原可以讓小孩放電，也可以鋪個野餐墊一邊享受美食和美景！很多景色也適合拍網美照，停車場很大不怕沒地方停，吃的東西有點少，可能需要自己帶一些。
555	1	環境十分的棒 導覽解說的很到位 船長也會停船讓大家找好角度拍照 整體體驗非常好 值回票價 旁邊還有間抹香鯨及各式蝦貝類的標本供觀賞
556	0	現場買跟網路上買價格相同（200元）， …
557	1	適合讓小朋友暸解孔廟的源由，裡面介紹了許多的古董樂器及祭祀孔子時活動使用的用品，很棒的文化巡禮活動。
558	0	觀展品質超糟糕，建築回音甚大，民眾帶小孩尖叫奔跑飲食聊天都有，服務人員看到也不規勸，只拿著「輕聲細語」的牌子站在一旁，如果連他們自己都不在意，可惜這些館藏，改名叫奇美文創園區會更為合適吧！
559	1	古色古香，攤販很具古典氣息，小巷弄走進去常有出其不意的小店或古厝，別有風味
560	0	不是不好玩（可以走走），但是票價拉低了整體。夏天室內建築悶熱、動線很差，要去那個遊樂設施明明就在眼前，但上上下下走了幾趟都沒看到起點，就算找到，排隊動線也很差，想看劇場也都沒開，綜合以上，不會再來。
561	1	全台第一孔廟，逛完孔廟記得來對面的老街逛逛巷子裡，有許多古早味的小吃
562	1	來到這裏可以讓自己更認識台灣的歷史！愛台灣的朋友們有空可以帶小朋友來認識我們自由的土地及文化歷史！
563	1	自己因為愛拍照所以覺得很值得來，愛拍照的人可以在這邊玩很久哦～～～也很有大陸味的景色，非常美
564	0	實際去玩真的很失望
565	1	很有氣氛的古蹟街道，非假日時來訪更感舒適，搭配台南的陽光，那就是渡假。
566	1	平日來，少少的旅客、悠閒的腳步。
567	1	休閒散步好地方，場地很大，可以租借Tbike繞周圍
568	1	在安平古堡附近，走路大約十分鐘抵達，此園區門票是德記洋行包含安平樹屋，平日人少，想安靜沉浸在歷史中的人可以選擇平日來。
569	0	根本沒有車潮！
570	1	很適合全家大小來野餐👍🏻（推
571	1	整理的很乾淨，步道規劃的也很安全
572	1	宏偉壯觀，不用修圖就很美，戶外公園很大也有藝術品，不熱的時候也值得走走。內部規劃管理引導都做得很有水準。展覽看不看因人而異。
573	1	可以帶小朋友走走，展覽可看可不看，不過大老遠來一趟，還是參觀一下吧！
574	1	導覽阿姨解說很親切詳細，穿救生衣入場阿姨也是滿親切！
575	0	沒進歩，不于置評
576	0	就像別人改了你家祖墳是一樣的道理!
577	1	綠色隧道越來越茂密，偶爾需要做做頭部伸展運動😅 …
578	1	好多遊民，涼亭滿滿的遊民⋯
579	0	多這一顆送預約系統😍 …
580	0	動線規劃很爛，大部分活動也很明顯是廠商低成本搞些噱頭騙人去的
581	1	很適合拍照半日遊的地方
582	0	我就問
583	0	到那個景點都一個樣，沒在地特色的食攤，佔用道路又凌亂！
584	1	指腹畫家的畫室
585	0	我在夜市逛的時候買了一塊石頭吃，但是我要求把它砍下來，所以那個賤人一直叫我用手打開它來吃。如果你不想照顧其中的一個，因為香蓮是遊客，同時吃石頭而且價格昂貴，這還不夠，就不要出來做生意。
586	1	很棒的地方，適合三代同堂一起來的景點，充滿回憶的紀錄。
587	1	當天是陰天，拍起來跟大太陽有不同氣氛，導覽解說很棒，希望可以多去幾次看看不同的景色！
588	0	個人認為遊民真的太多了極度的影響觀光 搞不懂 台北市政府 在幹什麼
589	0	沒有設置倒飲料的垃圾桶或廚餘桶，現場清潔人員不幫忙處理，還要求我們把喝不完的飲料直接倒河裡或草地？？！！
590	0	排隊排到死動線規劃差
591	1	員工態度是好的，但他真的太辛苦了！
592	0	平日，10點開始，9點到
593	0	一點都不好逛
594	1	但這次有遇到故宮博物院借來的展品展出，算值得了
595	1	老唐湖藝術村進入口時要買門票，但不會很貴，裡面有很多古老的藝術建築還有一些復古商店，肚子餓時還可以點上一碗虱目魚肚粥，超級好吃，老闆還特別強調是鹹水的哦！
596	0	門票50 有學生證則半票25
597	1	希望大家許的願都會實現
598	0	無障礙0分！
599	0	位置難停，收費又貴宰觀光客的地方
600	0	先不論預約系統的弊端
601	0	饒河夜市，髒亂不說，如果走近，妳或你會聞到一股老鼠屎尿味，之嚴重真叫人作噁，一個聲名大噪的夜市，竟然如此髒亂，只顧收租攤位，枉顧眾人祈望，在此夜市吃食，真是折磨，在未改善環境衛生前，不希望大家去饒河夜市光顧。
602	1	劇場表演是唯一讓人覺得付費值得的地方。
603	1	老街很熱鬧，東西好吃又不貴
604	1	古色古香的古鎮風景，讚嘆業主的造景技術，可說是鬼斧神工。把中國古城遺址搬到這裡了。
605	1	看了令人感動，費很大的精神和金錢，深度極深的探索之旅，要多看幾回才能慢慢吸收。
606	1	很大可以逛逛
607	0	就是個鐵工廠，還要受高額門票非常不值得
608	1	末學有參與年度慈濟浴佛大典（每年的第二個星期日）“謂之：佛恩、親恩、眾生恩三節合一”，假台北國立中正紀念堂的廣場舉行兩萬伍仟多位大眾共同浴佛盛典，場景非常莊嚴肅穆，萬眾一心恆持剎那如同日月，祈求天下無災社會祥和，個人透過此刻殊勝因緣而得平常喜樂，最愛的是“淨心”！如是    凝聚力無量矣。
609	1	位在安平樹屋旁，有著純白色外觀的洋式建築就是英商德記洋行，是英商德記洋行在安平開港後於台南安平所設立的據點，為當時的五大洋行之一，早期港運尚能通行時，位在港邊的德記洋行主要業務是出口糖、樟腦與茶葉，並輸入鴉片，是繁盛一時的重要商業據點。現今德記洋行早已失去商業的功能，改規劃為台灣開拓史料蠟像館以蠟像展出台灣早期生活樣貌；台灣開拓史料蠟像館在2001年規劃了時空走廊，將德記洋行的歷史、成長軌跡在此詳細展示。 …
610	1	很美的地方，要早點到要不然排隊會很久
611	1	其實純逛街，真的很可以
612	0	越來越沒有夜市的感覺了....
613	0	今天只是走路經過攤位(181~184格共一攤），站在那約不到3秒(為了閃人）就有一個中年男生就很大聲說收攤，你沒看到阿(那男生拿一個儲水桶，趕著收攤拿到到路邊把水倒掉，嘴巴碎碎唸）只有他一攤已經收完了路還很大，跟他反應他的態度不好；他回我靠北（攤商的文化真好，變相趕客人走……生意會好嗎）
614	0	地方很大，沒個二小時逛不完。這次是跟團去，只有一個小時可以逛，根本無法盡覽。下次再自己開車去玩。
615	0	外部不用錢，內部50元，市民拿身份證不用錢。
616	1	🍽用餐部分有餐廳也有7-11、很方便 …
617	0	~~陳董有無改善不知，直接忽略~~
618	0	根本來罰站的，每一個項目都要排隊30分鐘以上，買一日票完全浪費錢，強烈建議不要買。
619	0	遊客中心也都專心聊天，不問都不主動回答問題 …
620	1	很漂亮的古蹟，裡面保存的很完整，可仔細閱讀介紹，可學習到很多知識，並且有互動牆可以玩，可選擇早上或平日來訪才不會人擠人造成無法仔細品味這歷史古蹟，當日因行程安排無法慢慢欣賞有點可惜，建議停留2小時。
621	1	從小在歷史課本上看到的景點 今天終於來了
622	1	休閒好去處，交通便捷
623	0	根本就是國家級垃圾公園
624	0	輪為流浪漢聚集地，公設厠所髒污極點。非常不衛生
625	1	喜歡安平老街悠閒的漫步調
626	0	求救講到不清不楚，很自以為是的工作人員，時間一到也不講解最後一關，反正不缺客戶，所以跟本不管你是不是享受到他們的服務。
627	1	環境佳 ，約會，休閒好地方
628	1	老塘湖藝術村：以台灣歷史建材建構的園區，圍繞著湖畔紅磚、泥土、古木打造，用藝術家的眼光建構而成像40年代傳統社會的藝術，也有電視劇組的在這邊拍片，好天氣過來可以享受早期社會的建築風格，門票不低消費，但是也算合理，建構這些園區也著實不容易，園區內地勢不平坦行動不便者要多注意安全。
629	1	以典藏西洋藝術品為主 展出藝術/樂器/兵器/自然史 四大領域
630	1	是要怎麼看
631	0	排隊超久、食物超級貴、可以吃的項目又少，請問有平價食物嗎？感覺像是進去裡面的盤子，還有廁所超級臭⋯⋯
632	1	可以在大樹下乘涼。
633	1	全臺首學孔廟，最值得參訪的孔廟，雨豆樹古木參天，禮門、義路，寓意古遠....
634	0	預約制度爛到爆
635	0	完全失去數年前古色古香的山城味道，只剩下連鎖餐飲，變成只是個賣東西的地方
636	1	環境整理的不錯！ 可以搭配碧雲寺登山步道， 練一下腳力！
637	1	觀光客的夜市
638	1	觀光客的最愛
639	0	古堡附近地面要掃地很髒
640	0	從小到大來不知道幾次了
641	1	參觀動線循序漸進
642	0	人很多，東西也沒特色，蓮霧一斤560元，恐怖
643	0	救生員服務及差
644	1	紅牆瓦片的傳統建築很美，帶小孩放風很不錯，旁邊國小還有很多小松鼠完全不怕人，看著很有趣
645	1	台南的景點之一，裡面有明倫堂非常的有古代學習知識的味道，當然裡面也談到倫理必要性，還有池塘可以看到烏龜跟魚兒悠閒自在的游，夏天記得帶個防曬品以免曬傷
646	1	離市區不遠，適合飯後來走走，看看台灣歷史。
647	1	四草綠色隧道媲美雅馬遜河，兩旁紅樹林倒映在河面中，風景美不勝收，乘著船進距離接觸豐富的生態，彷彿置身叢林中，孩子驚呼連連，雖然票價不便宜，但值得一遊！
648	1	街道很喧鬧，心情卻可以很平靜。不知不覺走了2個多小時。看看小販，吃吃小吃，自在輕鬆。
649	0	全台灣最難停車的地方，去一次折騰一次，要去這就別找我了
650	0	沒什麼特別
651	0	我們五個人七百多 工作人員念規則像含滷蛋 講很快 不值得 無聊死了
652	0	非常糟糕的密室脫逃體感，反推。
653	0	廁所太遠
654	1	很適合全家人一起去走走的地點，綠意盎然、有遮蔭，很涼快，建議平日或小週末可以去。
655	0	變成觀光區了，東西好貴
656	1	寵物有善 …
657	0	一日卷根本玩不回本 一個設施都排一個多小時一天玩不到幾個
658	0	太過商業化了沒特色週邊停車不友善
659	1	去樹屋時一張門票逛三個點很划算，很好逛。
660	1	風景很美、館藏豐富
661	1	也蠻舒服的，建議別穿高跟鞋，走路會很累
662	1	奇美博物館怎麼這麽美！超喜歡她擁有一大片枝繁葉茂樹林、樹下綠草如茵，期間席地而坐，靜靜地聽風聲。
663	0	感覺非常荒涼
664	1	全台首學台南孔廟！建築古意盎然，充滿人文氣息、儒家情懷；連園中老樹不少都頗有年紀、很有味道。
665	1	有中文與英文的解說，希望有日文的解說，內容講的很深，我們逛了快一天，包含演講和特展，會想要再來看
666	0	很多東西好吃，好買好逛。但是這麼多店家做生意，卻沒有垃圾桶可以丟，商圈收錢不用做事的，這樣環境不髒亂才怪⋯⋯
667	1	讀書還是要靠自己😍 …
668	0	毫無差異化的老街，自私的商家
669	1	因假日人很多大家手裡都提一大袋很好奇原來是蝦餅真的好吃喔
670	1	冷氣超涼、展覽以台灣為主體非常完整、環境舒適、導覽影音很不錯
671	1	不錯
672	1	場地大，環境好。
673	1	目前主展館休展中到2020年7月。期待一下。但是還是可以去看特展。
674	1	川島小鳥攝影展值得瀏覽
675	1	古色古香的地方，門票100
676	1	還不錯的地方喔
677	0	活動不是第一次辦，也不是第一天辦，為什麼遊戲規則不能一開始就說好呢？ …
678	1	很適合慢旅的點
679	0	碰碰車的預約有跟沒有一樣
680	1	導覽員幽默風趣的解說 …
681	0	亂七八糟 …
682	1	尤其是情侶們
683	1	該地點是很值得參訪遊玩
684	1	門票100元，停車50元，可體驗VR和火車時光隧道，很划算！
685	0	戰火金剛真爛！那麼多台才開三台
686	0	只要沒買供品，廟裡人態度很不好👎供品又貴 …
687	1	建築歐洲羅馬風...有水池花園，完完全全的歐洲藝術風，感覺來到歐洲
688	0	沒有值得推薦的店家，太多雷同的店家，失望之至。
689	1	北門覺得不錯逛的有錢來也商店、烏腳病醫療紀念館
690	0	但小杯又超不滿...
691	1	休閒走走好地方！
692	1	一個平易近人的博物館
693	0	不要去那裡！景色當然很好（但不是那麼好！）但是排長隊和高價是不值得的。您不僅必須排隊購買門票，還必須排隊上下（！），除非您支付了瘋狂的溢價以獲得優先訪問權。我們去的時候排隊等了2個小時😢
694	0	美食街東西難吃到想吐🤮🤮🤮一個素食三杯杏鮑菇居然是甜的。點個炸雞餐，薯條都是硬的，不知道是炸起來放多久了😵‍💫😵‍💫😵‍💫 …
695	0	沒特色!跟本不值得列為國家公園。
696	1	這裡很棒 很有文化氣息
697	0	排了半小時的設施就快到了說要檢修，
698	0	哦，由於我父親無可辯駁的邏輯，我們得到了退款。基本上他們給了我們錢所以我們最終會離開😂無恥的地方
699	1	腹地廣大 …
700	1	裡面有展出那時代的東西，重點有冷氣
701	1	樹屋的結構很特別，參觀動線也很能展現她的風情
702	0	無聊
703	1	天氣很好，然後展覽的東西很棒
704	0	東西不便宜！店家的態度也很冷漠！
705	1	值得探索的好地方~
706	1	戶外空間大，挺多人來野餐遛小孩小狗，也是拍婚紗的好地點～
707	1	我想當時天氣很好，所以從山頂看風景是最好的。
708	1	全台最早的孔廟
709	1	佛教、道教和儒教
710	0	TOMICA展覽爛透了，10分鐘就逛完，大人280元，小孩250元，裡面設施還要另外花費，根本騙錢。
711	0	遊戲規則寫得不清不楚，讓人一再地重新排隊。
712	1	門票（$100/人）我們用藝Fun券抵用，人還蠻多的，有一位街頭男藝人唱歌好好聽，忘了記他的名子😓😓..... …
713	0	入場前 工作人員並沒有說小狗放推車內還要整個蓋起來
714	1	2022年去的時候，有展覽結合互動app，小孩很喜歡，讓小孩用互動app找出隱藏的人物及妖怪，很有趣喔～
715	1	販賣部很多在地特色商品
716	1	100的入門券，停車位算多還不錯，看展覽的興趣度可以再訪。
717	1	從外觀上可以看出它很小，前面就是很多高樓。
718	0	很失望
719	1	孔廟是當地知名的地標，值得來勉懷一下古人。
720	0	回不去了
721	0	走路走到腳很酸， 又令人再三尿急，真是大而無當，冗長的建物.
722	0	非假日前來，依舊擠滿了觀光客。
723	0	跟 介紹差很大。
724	1	二樓介紹屬於台灣的歷史
725	0	水質差、年齡段高還好，但令人惱火的是，有商販試圖以高價出售廉價泳衣。
726	1	高中我唸建中,在此我晃盪了3年,也埋入我不少懷念記憶。
727	1	這是文化的基石及歷史的見證，附近有許多景點圍繞，非常適合知性之旅的景點
728	0	常設展是不收費的 …
729	1	台南必來景點之一，可以悠閒地渡過一個下午…
730	0	不要相信導遊
731	0	票價一人$200
732	1	很推👍 …
733	0	大殿的地方5:30就會關閉了喔 …
734	1	50元的門票很值得，展示用心，跟朱玖瑩書房、安平樹屋在同一展區，環境優美舒適。
735	1	台灣最古老的街道，由荷蘭人所建，兩側攤位和商店林立，並有宛如迷宮的巷弄交織其中。
736	1	很有台湾特色，独处一家。
737	0	超爛，完全沒有控管人潮，塞到走不動，排隊美食都開在一起，排隊的人潮塞的讓別人都沒辦法逛，離開的公車車站的排隊人潮竟然都排到馬路上，車輛都緊貼著人開過去，太危險了，不推薦來這邊玩
738	1	遊民很多。
739	1	十幾年來道路基本沒什麼改變，一樣人車多時塞爆整條街，不過美食真的很不錯吃。
740	1	有貼心的導覽員
741	0	售票員態度很差
742	1	這裡是臺灣的驕傲
743	0	人超多，不會再去了
744	1	四草綠色隧道被美譽為
745	1	室內設施也蠻豐富 …
746	1	自由廣場：對役男們來說
747	1	視野大部分被樹木遮擋
748	1	必訪的景點，遇到一個人很好在地的伯伯
749	1	具有特殊生態植物和動物的國家級保護園區，搭著竹筏，在兩旁五梨跤、水筆仔、欖李、海茄苳等水生植物所形成的綠色隧道裡，心曠神怡，加上船上解說人員細心介紹四草濕地特有水生植物、鳥類和部分古蹟，讓人對四草有更多了解!非常推薦買綠色隧道(行程約30分鐘)加台江觀光船(70分鐘)，不僅能欣賞生態植物和水鳥，也能了解更多台灣歷史與發展!
750	0	狹窄山路彎彎曲曲卻違規停車一堆，導致公車會車不易，常常擦撞出車禍！去一次就被混亂的交通嚇到!
751	0	入口處服務人員態度極差
752	1	民宿主人推薦的特別景點，古色古香的建築，風景如畫，麻油炸彈椪餅更是特色小吃，還有拉船體驗，入場清潔費$100/人（無法抵消費），是很適合外拍的好去處分，推薦沒來過的人可以來看看
753	0	裡面東西還很貴 …
754	0	收費貴
755	1	非常適合野餐及假日散心的好去處！
756	0	收費人員態度超差
757	0	走道超小....中間還有攤販....人潮回流擠爆....被逼的只能走店面外的走道.....
758	0	在嘈雜的環境下，你們叫149，請問聽障人員聽得到你們叫號？請問你們的取餐機對我們來說是擺飾用！！ …
759	0	失望
760	1	優點：可遛小孩，園很大
761	1	認識奇美博物館的藝術跟建築設計歐洲都好美。
762	1	園內有義大利麵飯餐廳，咖啡廳，7-11，星巴克，用餐方便真棒～ …
763	0	售票人員：設施大概要排30分鐘喔
764	1	紀念獨裁者的殿堂。顯示台灣人的政治矛盾，濫殺台灣人生靈塗炭的魔頭蔣志清，為何到了民主時代，這座帝王規格的靈廟仍然在供奉他？
765	0	非常差
766	1	環境清悠，博物館內的設備很長見識。
767	1	還可以買伴手禮，手作椪糖DIY
768	1	奇特的景觀，停車場到景點的動線不錯，但過馬路要小心
769	0	我們只是拍個照就被這個阿伯騎車騎人行道上未依戴安全帽，只會嗆我們邊走路邊滑手機，我就沒理會，希望不要成為下一個人受害者。
770	0	看看墾丁…士林的下埸你們在賣很貴一點沒關係等到沒人去的時候後悔來不及了！年輕人也會越來越聰明的。
771	1	每次下台南會造訪的地方。
772	1	實在是太可愛了～ 池塘裡的魚好有趣
773	1	觀光客去的夜市
774	0	門口管理員素質不佳，水中漂流物，設備簡陋，但便宜，使用起來不舒服，請三思。
775	0	這裡好無聊的，老街也無聊
776	0	我喝水一下，該名保全就來叫我戴好口罩
777	1	保存良好的國家保護區，導覽人員專業有熱誠，夏天會較熱需注意防晒。
778	1	以台灣歷史為軸心，結合考古學、民族學、民俗學與博物館學等範域，呈現台灣歷史的繁複面貌，透過文物展露台灣的民族多樣性與生活歷程，是值得一遊的景點~
779	1	府城孔廟對於尋求心靈寧靜的遊客來說是一個非常有價值的心身靈導覽而不為過。
780	1	奇美的園區，不論什麼時候，都很適合拍照。當天下午的陽光燦爛，襯得天空水藍水藍的，美！
781	1	看見眾多考生向孔子至聖先師許下考試目標 …
782	0	門票太貴就算了，裡面一些設施還要另外付費
783	1	館內歷史＆藝術＆動物的知識連結，適合各年齡層的來觀賞，館外因為太大走路要考量一下。
784	1	解說員很能帶動遊客，安全措施及講解宣導（電視）也詳盡。
785	0	下雨天來九份真是一場災難，路窄又要撐傘，整條路怎麼不規劃擋雨棚呢？
786	0	工作人員態度差勁，缺乏教育，完全不想再訪的糟糕體驗，只能說兒童樂園真的是工作人員一直上班滑手機又放水讓一堆小屁孩及恐龍家長插隊的好地方。希望繼續讓這些小屁孩及恐龍家長再訪消費，也許他們會有超值的感受，我個人是一顆星都不想給，寧願花多一點錢去六福村劍湖山玩還比較盡興。
787	0	8號遊樂設施服務人員態度差。
788	0	下面擺的五星旗太過礙眼
789	0	它沒有開!
790	1	推崇觀光也不忘造福市民 …
791	1	門票價格合理
792	0	無聊
793	1	拍照怎麼拍都美
794	1	很好拍照地方 有種穿梭到古代的感覺
795	1	大家如果想要接近台灣表演藝術，麻煩多到旁邊的國家戲劇院、實驗劇場、國家音樂廳看演出，真的去認識藝文產業。只有來過中正紀念堂走馬看花不要談什麼藝文。
796	0	東西看起來都很難吃……然後很髒亂的感覺
797	0	附近停車不方便一次還要$200
798	1	完全適合喜歡歷史故事、文化的遊客，看完台灣的歷史故事後，可以繞道後面的重點樹屋景點，感受大自然以及🌳的奧妙，約朋友一起拍文青網美照，可以待很久，也非常適合趁暑假帶小朋友來走走 …
799	1	有書法展可以看
800	0	真的不怎麼樣。東西貴就算了。還真的很難吃，旁邊都是墳墓。
801	0	非常無聊。
802	0	今天特地去月老廟想添個香油錢100元,倒兩杯月老茶(廟方準備的紙杯)放在保溫杯帶回家跟小孩一起喝，但因保溫杯裡有茶包，當下詢問在旁用垃圾袋的阿姨可以讓我把茶包丟在垃圾袋嗎？沒想到阿姨直接開罵一直碎碎念後來廟方一位阿伯也加入碎念的行列，左右開念的說不能用保溫瓶裝，不然其他人會有樣學樣 我告知只要拿兩杯而已，我會裝在保溫瓶裡，這樣也不行，兩人一邊碎念一邊離開，尤其是那阿伯還用不屑的眼看了我一眼，讓我覺得有必要這樣嗎？態度囂張惡劣，以後不會再去了,又沒有多靈驗。
803	0	當服務人員問我是不是孕婦，我很老實的說是，後來，他說只能讓小孩一個人坐我不能坐，我說好，我站旁邊後，服務人員強迫我坐下來，我說：我要看著小孩，我要站著， …
804	1	空氣品質還不錯，認識許多樹木的名稱
805	0	這一顆星是給解籤人員（戴眼鏡中年男性）
806	0	希望圍牆能拆除
807	0	看到外國人來逛我都臉紅羞愧；因為就這麼一條街的攤販，很窄，沒什麼好逛；東西貴；環境髒！
808	0	只能說 無言！
809	0	問他們什麼都愛理不理 …
810	0	建議要拍照攝影搶船的第一排
811	1	很驚人的一個地方，充分體現台南的低俗美學。
812	0	沒有什麼觀景平台
813	1	像是宮崎駿動畫會出現的場景
814	1	隨處也都有椅子可以坐，非常愜意。 …
815	1	全票50半票25，不錯，很好拍照的點
816	0	扒手一堆，去了還被偷錢包
817	1	來台灣後，我很喜歡這裡友善的人民、乾淨的街道、良好的設施。但有一件事，買市場上唯一的糖葫蘆是個錯誤，因為孩子們在饒河街夜市太想吃它了。是什麼讓我心情不好？在準備第一筆生意的時候，我在賣糖葫蘆，我問對不對，但我連看都沒看，沒有答案。然後，用一個我用中文說了些什麼，但我明白是在準備。我去30分鐘後又回去問了一遍。我在這裡經歷了一次非常尷尬和令人不安的經歷。我不知道他們在說什麼，但我把拖把扔在地板上並尖叫起來。我本來只是覺得不好意思，但越想越生氣。是否存在我沒有意識到的文化差異 …
818	0	欠缺警力防護古蹟嚇跑觀光客
819	0	沒有特色，整體缺乏管理！
820	1	很多遮蔭不會太熱，愜意很好拍！還有街頭藝人唱適合古風的歌
821	0	應該移除銅像。
822	1	近幾年臉書、IG人氣景點，都是浮誇拍照的網美聖地，其實還有一處秘境廢墟古城也很適合外拍，只要100元就能暢遊〖老塘湖藝術村〗，多達八萬三千打卡次數！ …
823	1	在文學舘旁，對面就是美術館一舘
824	0	明明就叫中正紀念堂，這樣會混淆啦！
825	0	Cp值太低 感覺是怕騙觀光客
826	1	平安符收藏不少呀~
827	0	就算買了泳衣就不進了，
828	1	我挺希銘
829	0	4分給以下 …
830	1	而且第一次坐船真的是非常棒的體驗😊😊❤️❤️ …
831	1	空間很大，溜小孩的好地方，停車一次50元，建築物蠻有特色。
832	0	感覺維護不佳，整體很單調
833	0	一般般無特別
834	0	小黑蚊很多，要先噴防蚊液。
835	1	令人驚豔的博物館，非常值得一遊。戶外的公園維持的相當好，草皮樹木都修剪的非常棒，是一個適合全家大小出遊的好地方。
836	1	是一個值得再訪的地方
837	0	超難找車位的，停車場的管理人口氣很不好
838	0	今天去四樓參觀，老人家行動不便想坐著休息，結果被制止說平台不能坐，只好再找位子。 最後也只能請座位上的人禮讓一下，總算才有得坐。 後來看到剛剛不能坐的地方，有好幾個人在坐 ，服務人員卻沒有制止，讓人感受很差。
839	0	顛倒屋2.0完全顛覆我對顛倒屋的想像，跟之前華山的展也差太多了吧！我是沒做功課沒上網看評價，但是從票面訊息根本看不出是親子展，一進去看到小孩拿玩具大便丟來丟去真的是傻眼啊！奉勸沒有帶小孩去玩的朋友還是把錢省下來比較實在！
840	1	裡面有不同的主題可以逛
841	1	園區很大逛逛打發時間不錯。
842	1	大學時期很常來這邊晃，
843	0	建議大家不要去 貴又難吃 300元還吃不到
844	1	惡魔
845	0	別賣些不是屬於這的東西好嗎？特色勒？？？
846	1	裡面真的蠻大的 可以慢慢走 拍照 欣賞，是風景秀麗的湖畔藝術中心
847	1	今日去兒童樂園
848	0	另外整修期間所有電梯都封起來 …
849	0	不喜歡這類的建築物。
850	0	非常少店舖，而且沒有人流
851	1	外面適合帶小朋友跑跑跳跳的大草原
852	0	貴公司地下二樓垃圾場人員態度有夠惡劣
853	1	佛道不分
854	0	違停一堆
855	0	蚊子一堆
856	0	疫情期間消毒工作，導致效率剩下3成，園區就不能多請一些工作人員嗎？拜託千萬不要來
857	0	1 又悶又熱，連一台電風扇都沒有。。。
858	0	也沒有退款。你想賣泳衣？所有的台灣人都平安無事地過去了。。他們什麼也沒說。我不會再去了哇 ！！！！！
859	1	景觀設施不錯，步道平穩好走，適合年紀大及小孩子休閒運動。
860	0	要從9樓到1樓竟然只能坐電梯，想走樓梯被工作人員制止，兩支電梯幾乎每層都停，聽完演講要消化上百人就等了十幾分鐘，希望可以改進
861	1	路過
862	1	值得一訪的古蹟，裏頭有很大一片的榕樹森林，老少咸宜。需門票
863	0	動線規劃不當，客運上下站位置設計不良導致所有車子塞死
864	0	原本給四星，大白天但一直被圓山捷運2號出口旁的入口處，衝進汽車十幾二十輛速度快差點撞到小孩及及寵物，讓人生氣，每次去都是這樣，無法改善。
865	0	以前都沒進去裡面走走
866	0	老舊的地板樓梯 總是看起來髒髒的
867	1	外觀以西洋古典美學的元素構成 呼應館內以西方藝術為主的典藏方向 …
868	1	景點很美很好拍照📷 …
869	0	最多放個10分鐘的燈籠？我把它穿在身上，把它吹起來，咔嚓咔嚓，咔嚓咔嚓，它就像一台機器。
870	0	實在讓人感到非常不舒服
871	1	還好
872	0	路邊停車90元超貴 星期六晚上7點多就很多店家關了
873	1	好拍好看，很適合去走走，最好一進去直奔4樓去預約vr,不然可能會排滿，然後再去一樓預約看小火車影片
874	0	位置偏僻，很容易誤入魚塭被狗追...
875	1	有一股獨特 …
876	0	聽導覽才知道孔廟周圍的硃砂紅
877	0	動線非常糟糕 標示不明確
878	0	交通超爛而且沒得改善(山道狹窄多彎根本不適合大型客車進出，兩旁不是民宅就是山崖，連擴建的可能性都沒有，根本就是不治之症了。)，老街內規劃也一團糟，有名食店多排隊的人也多，讓本來就狹窄的街道變得更擠更難走，還常出現店對店式兩邊都是名店，各自有排隊人潮，遇到這些位置就很多被塞得死死的，走那二十公呎不到的路，就擠著走十多分鐘，什麼心情都沒了，只想盡快離開這個擠到呼吸不能的地獄，根本是不會想再來第二次的地方！
879	1	硬體環境：有圍牆分隔開外界市街。圍牆裡沿著門廊有池塘綠樹植栽，值得休憩。核心廣場是不透水白色磁磚鋪面，無遮陰，晴天時日光刺眼且炎熱，雨天需留意腳步避免滑倒。整體綠地不足且分佈不均。 …
880	0	沒有跟我說海盜船不能玩，結果幾乎都不能玩
881	1	坐船時，導覽人員解說詳細且貼心！ …
882	1	安平古堡在老街內，有導覽人員解說覺得更有歷史意義了。
883	1	台南市政府很用心，整個棧道與觀景規劃的好走與乾淨～
884	0	到處在施工，也沒告訴許多設施不能玩，一個孩子基本最少~ …
885	1	有動物廳、兵器廳、樂器廳、畫像、雕像，可以看很久，每一間廁所外走廊都有展示東西，很棒，外面也能散步
886	0	在商品店聽到店員在櫃檯對著學生大聲罵出：X夭！
887	1	台灣從16世紀前開始的所有歷史
888	1	人潮很多，很熱鬧。,
889	0	附近環境很髒亂，流浪漢語毒蟲聚集地
890	0	我應該好還是壞？
891	1	號稱台灣亞馬遜，在台彎少數能看見的紅樹林區域。整趟行程約30分鐘，是個不錯的體驗
892	1	#德記洋行 介紹了台灣的大航海時代。
893	1	那天特展及常態展都看了，真的很棒！
894	1	雖然離市區稍遠，不過很值得一去，蠻好拍照。
895	0	沒進步,十幾年如一日
896	0	來拜拜還要看廟方人員臉色，口氣態度超級差的，真的以後不會再來了，一肚子火。
897	0	為什麼3樓的管理員不讓人家拍照
898	0	別人進來是問要不要買金紙250
899	1	戶外活動好地方，很常帶狗去斜坡玩，附近也可租借T-Bike很方便。
900	0	有些工作人員的服務態度真的很差，是都沒在教育訓練的，來玩要有受氣的準備。
901	1	主要園區需門票，外圍無需要。可以走走假文青一下
902	1	回憶眼淚恐懼多重感受
903	1	真的很大，很美，看到許多畢業生及結婚新人來此地拍照留念
904	0	髒亂，沒特色，買或坐下來吃都要排隊，又熱又擠很不舒服。
905	0	你們要不要每個人都去改成郭台銘，看看會不會也變成富豪...
906	0	這不是一個“美術博物館”——它是一個展覽空間。三樓有一個關於衛生紙“雕塑”的臨時展覽，一樓有一個 1980 年代的歷史展覽。 2樓關門了。我在整個建築中沒有看到任何“美術”的例子。他們非常重視沒收我的小背包並看守我，直到我得到一個儲物櫃。 （“不允許使用 2 條帶子”）.. 但他們究竟在守衛什麼？衛生紙雕塑？這個地方似乎很受當地青少年的自拍歡迎，但僅此而已。如果您正在尋找“美術”，那您來錯地方了。
907	0	1.門票才100、小孩50，建議加導覽耳機40元，裡面歷史非常詳細跟豐富（完全不無聊），待了兩個多小時還沒看完（17點關館），我絕對會來二刷以上！
908	0	差，東西貴
909	0	一日票就玩不完（時間全都在排隊）
910	0	摩天輪無預警共乘 付完錢才說現在人多 要跟另外一個家庭共乘 非常不建議情侶來
911	0	密室逃脫說明有跟沒有一樣，乾脆拿外面重播大聲公就好了，12分鐘要過三關，道具重複使用做的公差很大；建議大家還是去外面密室場玩就好，這裡時間太短
912	1	第二次造訪，可以帶小朋友來體驗看看
913	1	風景很美，範圍很大，到處都可以拍照，可以花半天的時間在這裡散步，走累了博物館前面有提供吃的喝的，停車場附近也有便利商店可以補充能量，也很適合帶小孩子來這邊野餐、運動打球等等。
914	1	禮品店賣的束脩蠻有趣 🛍️ …
915	1	裡面很大，可以慢慢逛
916	1	其他的工作人員態度都非常好
917	1	卻比較著重在日據時代
918	1	紀念品館東西蠻多的
919	1	可是綠色隧道真的無敵美的 …
920	1	蠻有藝境的地方，古色古香
921	1	夏季有整片樹蔭，很涼爽，假日還遇到現場演唱，非常愜意
922	0	刻意在所謂的國家公園裡蓋一個號稱鑽石級的綠建築，導覽花很多時間詳細的介紹綠建築的知識，周圍也沒特別值得看的景點，這對比世界其他國家公園的規劃來說實在是有待加強，感覺是硬把名稱跟建築强加在那邊。非常失望!
923	1	博物館介紹很多明鄭時期的文物歷史
924	1	有名為LIZY的live演唱rap ，
925	1	此處卻讓人反思，人生中，水火交融卻互不犧牲的可能性。
926	1	重新開館後的歷史博物館改變很多，多了很多互動式資訊遊戲，很值得一遊，門票也很OK, 全票100,學生及優惠票50元，停車費按次計算50元不害怕停太久。
927	1	安平大員有劍獅
928	1	若你有搭過景觀電梯的體驗，都知道。
929	0	成年人不要去
930	1	兒童節來 人好多好多
931	0	很無聊
932	1	拍照 避暑 雨備好去處
933	0	問個東西 也不能 講話是要多差啊
934	0	假日千萬不要來，很受罪
935	1	低垂的枝椏，兩側互相交錯，形成全台獨一無二的水上綠色隧道，非常浪漫💕 …
936	0	晚上6:00過後橋上不是還可以拍照嗎？（已經出白色圍欄了）
937	0	4號飛天車應該是最「噴」、最爛的遊具，標示做的極度不好，等了20分才發現要再等10幾分，標示如做得好根本不會等。
938	0	要去就付現金
939	1	這是個非常值得前來的環教場域，特展及常設展皆具有一定水準，舉凡鐵道史、統治史、原住民族及漢人發展史等一應俱全，不過時光列車及VR等熱門體驗設施，建議進場後就先前往預約，畢竟各梯次名額不多，往往沒多久就額滿！ …
940	1	買1張門票就可以搭配朱玖瑩故居(因鹽玖定)和安平樹屋一起參觀，有名的台南市安平區五洋行之一，很有歷史意義，週邊有停車場。
941	1	孔廟搭配藍天非常好拍
942	0	環境髒亂，瀑布景觀點被私人咖啡店佔據
943	0	真的不值得去！
944	1	暢遊歷史古蹟，讚嘆樹屋美景！！
945	0	我這個觀光客來玩一個設施排隊要排半小時 那我買一日票幹嘛？玩的設施不到五樣，逛排隊累計就排了兩三小時
946	1	風景真美超好拍 …
947	1	台南對古蹟的管理維護，還有導覽都很棒！值得來走走！
948	0	所有的停車位 都要錢
949	0	停車位少 人數來個幾百人就爆了 還要和香客互擠
950	1	歐式風格的建築外觀很有異國風情，內部空間寬敞明亮，展出的藝術品種類豐富，且呈現方式獨具匠心，不但給人留下深刻印象，更讓人感受到藝術的魅力。
951	1	有樹屋、手拉船、及各種有特色的老房，適合拍照！
952	1	外面就可以停車很方便，魚飼料很便宜大包🤣 …
953	0	變質了
954	0	另外今天是第一次使用網路購票 但購票處沒有任何指示 工作人員也沒有說 等到都排到購票窗口了 才告知可以於旁邊機器兌換門票 有夠浪費時間
955	1	巧遇漢服遊行，很特別，也很讚嘆有這麼多有心的人。來孔廟數次了，不同的人來與不同時間點來，都會給你很多不同心得！
956	1	小時候來是蠟像館，這次來整體改裝，變成像是博物館的感覺，覺得很不錯！
957	1	適合喜歡歷史的人一起來參觀～
958	0	我害怕看到人們下火車，所以我回到了火車上。那是星期一的工作日。。
959	1	榕樹佔據了原本的房子，有種在宮崎駿動畫裡的感覺？
960	0	一日卷手環的材質超爛，只是薄薄的印刷紙黏雙面膠，夏天又容易流汗超容易破，想說黏鬆一點廁所洗手時可以拉後面一點，在入口就被剪票員強制黏死在手腕，排第一個設施還沒排到、上面的日期章就已經吸汗吸到字快糊了，
961	1	適合拍照和休閒的景點，觀光客很多
962	0	甚至看到服務人員罵那些公共服務的孩子！
963	1	兼具教育與娛樂 觀光與休閒的好地方 建物古色古香 商圈小巧精緻 都值得一遊
964	0	溫室栽培工程未完成，遙遙無期。
965	1	需要升級。
966	1	非常有意思的遺跡！ 很適合喜歡古蹟古建築的朋友造訪！ 還可以體驗手拉船～  維護此地，門票100元非常有價值！很值得！
967	0	裡面的魚看起來不太健康
968	1	滿足吃喝玩樂的景點，商業氣息裡也有很多歷史痕跡可尋。
969	0	甚至他們的熱水淋浴。
970	0	廁所數量不夠多，要大排長龍。
971	0	地板濕滑走路要小心，停車場計費半小時以一小時計費很坑人，位子也很小車刮車
972	0	如果有帶孩子來玩，千萬不要買 一日票或什麼優惠票，完全是詐騙集團，售票人員只跟你說:  100公分以上都可以玩，但是進來後，80%都是需自費~
973	1	搭竹筏可以很靠近樹枝，比一般搭船有趣多了。在水道中船長會停下讓遊客拍天使之吻，還有隨船介紹，個人覺得綠色隧道比觀光船值得一搭！
974	1	有台灣亞馬遜河之稱，非常適合全家大小一起體驗
975	1	現今的德記洋行磚瓦倉庫已經成為由榕樹氣根盤根錯節盤據蔽頂的據點， 值得喜歡細細觀察自然鬼斧神工傑作的遊客前往
976	0	突然燈光全黑，不知道哪個人把燈全關，
977	0	這種觀光販售服務態度完全不想再去了。
978	1	食物飲料都非常好吃👍 …
979	1	在這裡看到了野鳥捕食小魚，太珍貴的畫面了。
980	0	十分無聊
981	0	門票100元
982	1	了解生養我們的這片土地的故事。
983	0	撕掉。昂貴，漫長的等待隊伍。頂層甲板甚至不能完全進入。
984	1	景色非常美
985	0	最近我身體不健康！來求籤
986	1	202305-奇美博物館停車場假日小客車$40/h,平日$30/h,上限$240一天，但外圍路邊停車$20/h。小孩7歲以下免費，但孩子剛好7歲過3個月，想說要付$150門票,結果他們說105年出生的都算免費（不計幾月），覺得超棒的。而且二樓管弦樂廳整點都有多聲道表演，也很棒，很值得推薦。感謝許文龍先生。
987	1	很棒！成人船票200元/人,含導覽。如果坐船頭或船尾最佳視野。我坐中間。
988	1	孔廟的紅色圍牆代表著崇敬高貴，雕工也是台南孔廟魅力之所在，綠意的中庭，伴著古建築，思古幽情油然而生
989	1	很好遛小孩的地方～
990	0	滿分10分只有1分！
991	1	老板巧思,將舊物重塑,保留古物,營造文青氛圍,又有街头藝人不同民俗表演！難得好地方
992	1	園區腹地大，內容有趣～ 記得先看四樓VR的時間再去二樓逛，以免錯過
993	0	開開心心的遛狗，牽車回家時機車裡錢包被偷就算了！還把我的原廠iphone充電線剪斷！請各位留意周遭附近，不要再被竊賊得逞！
994	1	一踏進奇美博物館就感受到滿滿的藝術氣息了，而且還有汽車停車場，收費也很親民，博物館周圍有環湖步道，還蠻大的適合親子同遊，入館收費200元，不想入館的話在周圍散步也是不錯的選項👍 …
995	0	賣芋圓的只是多問一句就凶巴巴的、你只是煮好就等賺錢、我可是遠道而來。不用這樣吧
996	1	是有很多服務良好的工作人員沒錯
997	0	嗯…熱還是很熱🤣🤣
998	0	剩下都在施工（還有搭搭鐵皮屋頂中），個人覺得還是施工中可以說聲或完善再開放吧！
999	0	真的！！我真的想直接給0星的負評……海盜船的排隊入座程序一蹋糊塗，光是開始開閘讓人入場到機台啟動就花了將20分鐘，服務員還一副人多沒辦法的表情，明明可以在排隊時先完成票券認證作業，但就是不作；同時排隊人龍已非常長，至少要40分鐘(今天不是大連假！加上入場又20分鐘，玩乙次就要60分鐘……)，也不會機動加派人手支援來加速流程，這樣沒效率的程序，真的不敢茍同這是號稱效率政府，很難讓人再來乙次！！！
1000	1	在博物館裡面看到了動物分解的扭蛋
1001	0	由於他們的新冠政策，我永遠無法進去
1002	0	沒什麼好逛，就一面牆
1003	1	碧雲寺後方步道往水火同源,沿路均為緩坡且有遮蔭是段好走的步道
1004	1	每次來臺南都會來逛逛，或放鬆靜靜心，或者溜溜小孩
1005	1	深具歷史意義，建築物和環境都很有味道，非常值得來一趟學習和體驗之旅，也有很多拍照的好景點。
1006	1	來幫媽媽買蜜餞，人很多東西也便宜，安平老街很好逛的，台南必去景點
1007	1	暴君兇手蔣介石
1008	1	聖誕週末的奇美很漂亮，不過相對的人也很多。人多的時候售票要排很久，但內有豐富的攤位與活動。建議可以先上奇美博物館的官網去查詢，也可以預先購票避免等候過久。然後小神童真的好厲害\⁠(⁠ϋ⁠)⁠/⁠♩
1009	1	具教育意義的地方，最近有維修工程會持續到108年的12月所以家長帶孩子時要注意安全
1010	0	維修中
1011	0	網美都文盲？沒看到草皮養護中，狂踩猛踩。
1012	1	超好逛的喔！有古早味的童玩和零食喔！
1013	1	古蹟巡禮，孔廟建築很好拍。
1014	0	烏來瀑布公共設施~桌，椅，疏於管理，顯現青苔，不乾淨！
1015	1	充滿粉紅色，為藍色天空增添色彩。
1016	1	乘坐竹筏一起漫遊袖珍版亞馬遜河，有專人解說大自然生態，行進過程要閃躲樹幹蠻有趣，中途司機大哥會安排絕佳拍照地點。另外停車場也是免費的。值得推薦。
1017	0	髒死了
1018	0	⚠️⚠️⚠️兒童樂園請改善代排這種行為⚠️⚠️⚠️大家都花一樣的錢進來開開心心的玩，結果前面遊客一直代排我真的看不懂什麼意思
1019	1	來膜拜一下
1020	0	每個人的口味都不一樣，我吃不下，因為味道太重了。 …
1021	1	只有開放綠色隧道30分鐘200！斗笠是給我們遮陽抗曬，很棒的導覽小姐姐非常專業！會帶著綠色螢火蟲帶我們看鳥類、鳥巢、找螃蟹🦀️、樹葉背面的海鹽！許多我們不知道的事情！非常值得來的一塊寶地！短短的30分鐘讓我覺得200非常的便宜！比得過國外的旅遊景點！ …
1022	0	加上園區內明明禁菸還是一堆抽煙的
1023	1	很讚的地方，戶外廣場很大，環境很好，很乾淨，想吹冷氣有冷氣，想看收藏，有很多的好東西可以看，想運動，有很大的地方可以走路，肚子餓了還有7-11可以吃東西喝飲料，甚至想野餐還可以在樹下乘涼，有奇美博物館在台南，台南人真的是太幸福了♥️♥️！
1024	1	進入綠色隧道
1025	1	這次的特展時間的面孔蠻好看的，可以了解到不同名人的故事，以及在當時代他們對自己的認知，以及照片和畫作。
1026	1	很值得一去的博物馆，内容非常丰富，第一次看到动物和艺术品还有兵器，小提琴放在同一个博物馆展出。每一个展馆都很用心，尤其是古代兵器展感觉很专业，全面。
1027	1	解說員很專業
1028	0	這個評價只給給1/12正午的粉色衣服工作人員
1029	1	館內活動很多，很有教育意義，發人省思，很值得一來再來的旅遊景點
1030	0	生煎包皮有點生硬
1031	1	保存良好！有一種淡雅的感覺
1032	0	結果入內才發現
1033	0	現在覺得東西是又貴又難吃，
1034	1	山野菜新鮮美味
1035	0	沒有人說設施是有時間限制的，進去排個隊，看很多人就先沒去，沒多久設施就不開放了，售票員還一直推銷加錢可以玩全部，結果一項設施都沒玩到，唯一只有餵魚==
1036	1	大師打造的地方超有感覺的！藥膳排骨！特推因天氣溫度冷！超適合來上一碗
1037	1	奇美耶誕節是一定要參加的一場耶誕聚會
1038	0	髒吵
1039	0	找地方停車更是可笑，一堆無良店家
1040	0	跟一般老街完全不同！沒有美食！幾乎全部店都在賣天燈，非常失望！
1041	1	中正廟，威權政治的遺跡
1042	1	這是我逛過最棒的老街了！古色古香，巷弄間也充滿著懷舊的氣氛，很喜歡街道的特色小店，不像很多觀光區的店面幾乎都是賣一樣的紀念品，在這邊可以挖掘到很多特別的小玩意哦！據說到這邊一定要買的是林義豐冬瓜茶！若是要帶回自己家鄉的，還可以買冬瓜塊～一袋兩塊，只要75好便宜～～推推推推！裡面的安平古堡跟安平樹屋進去則要門票～但真的很美！很好拍！
1043	0	鬼滅之刃周邊商品區的工作人員撞到人還假裝沒事走進倉庫，大力把門關上，態度有夠差
1044	0	人太多，更衣室、淋浴等設施不好。
1045	1	裡面的小吃部價格也都很合理
1046	1	中正廟，供奉殺人魔的地方。
1047	1	年假期間來看-世界最美的教科書展和感恩樹（Gratitude tree）蠻適合親子踏青野餐的好地方
1048	1	歷史博物館買票處可以順便租借語音導覽，有分大人和小孩的導覽，小孩導覽以故事方式呈現，建議館內逛展時間至少預留四個小時！ …
1049	1	人潮多，熱鬧，在裡面買蜜餞，與天后宮、安平古堡一起逛，拜拜吃臭豆腐，滿意。
1050	0	常設展除了展區動線混亂 展品陳舊 說明也不夠簡明 維修中的占比很高 沒掛維修牌的也有不能使用的 可見平日巡檢不確實 B1兒童區 看影片的區也全部關閉 感覺就是花$100進來吹冷氣了嗎
1051	1	台南孔廟 輪椅算方便 好推
1052	1	龐大的美食點心伴手禮的街道
1053	1	奇美博物館園區占地非常大，停車場也非常的便利，但要收停車費，
1054	1	阿柑姨芋圓，配著山景海景，物超所值。
1055	0	茶葉蛋一顆18元
1056	1	建築漂亮 館內有助於參觀者了解時代背景 很棒的地方
1057	1	配合導覽收穫滿滿
1058	1	喜歡老房子，館內展示的資料清楚可順便吹冷氣，順著逛下去可到樹屋，九月不熱的時期去
1059	0	難以相信竟然會用砍次生林來做碳中和，到底是有多智障?你們甚麼都不做對環境還比較好!!
1060	0	工作人員態度隨便，連制服都不穿。
1061	1	旁邊的商圈也頗有趣味，可以繞過去走走。
1062	1	簡單的景點適合涼爽的天氣散步運動
1063	0	空氣中還飄著臭酸的味道
1064	0	整個很無聊 一下就逛完了 …
1065	1	孔子廟曾經是上學、考試的地方，後來才被後人當作祈福考試及格的場所，帶孩子走訪一下歷史軌跡，感覺特別有意思。
1066	0	毫無規劃，就是亂！
1067	1	戶外風景非常漂亮，室內有超商跟星巴克進駐，但是一遇到假日遊客眾多，整個環境就非常的糟糕，但是是值得一遊
1068	1	在水泥的都市叢林中，原來真的存在迷你亞馬遜。
1069	0	無聊
1070	1	學甲/老塘湖藝術坊
1071	1	大型市集真的很像異國街頭慶祝 …
1072	0	今（2017/1/1）下午協助倒（？）平安茶的工作人員（志工？）脾氣很差，話不能好好說，只會大吼大叫，我們可以自己拿紙杯自己倒啊！
1073	0	白石湖吊橋缺乏維護 油漆斑駁生鏽
1074	1	造訪多次還是覺得很不錯，算是很耐逛的博物館
1075	1	讓人驚訝的樹屋，很好拍的德記洋行
1076	0	東西很貴也有沒特別好吃的
1077	1	在地好地方，在地人平常日來都不用人擠人，更可以欣賞在地人文景色
1078	0	沒水又一堆蚊子......現在像個廢墟一樣.....管理呢？
1079	1	臺北市中正區襄陽路2號,省立臺灣博物館共有四個館，分別是省立臺灣博物館本館、古生物館、南門館及鐵道部園區
1080	1	涼快 景色優美
1081	0	夢工場外面的指標也很垃圾，指標放在餐廳門口，進餐廳找了一圈問員工才知道要去夢工廠設施是在外面的小樓梯，根本不用進餐廳。 …
1082	1	#特展
1083	0	大年初一就來繳了智商稅，人潮滿到快吐了櫃檯還建議買暢遊券，1項設施都沒玩到就敗興而歸，笑死。
1084	1	適合全家來遊走，吃地方美食小吃
1085	0	停車場出口的長椅長期遭遊民霸佔為家，停管處人員視若無睹
1086	1	館藏豐富 隨意逛逛都花了2-3小時 舒服 …
1087	1	有著台灣第一街稱號的安平老街(延平街)，是300多年前荷蘭人在安平建立的第一條街道，早期街道的設計都僅供人與推車通行，因此街廓並不是很寬。許多遊客來到安平也都必然進到這條古老的街道，擁擠熱鬧的人潮是安平老街的常態，似乎不這樣也不像安平老街，街上各式老店林立，不管是國內外遊客總在老街上穿梭尋寶，偶而抬頭看看街道上的老屋還能發現幾尊安座在屋頂的風獅爺，或是在門楣上的劍獅，也是走逛安平老街的樂趣。老街上還有許多條穿梭安平各處的小徑，每穿過一條小徑都有不同的風景，有茉莉巷，有胭脂巷等等，區域內也保留許多老式聚落，走在靜謐的巷弄裡面有如時光倒流一般，錯綜複雜的小巷也頗有探險的感覺，來到安平老街如果沒有走進巷弄的話就真的太可惜了。(資料來源:台南旅遊網)
1088	0	人太多太吵，附近居民靠停車位宰客，態度不好。別來了！
1089	0	非常失望。由於新冠疫情，現在只能在提前預訂的日子裡入場。沒關係，但他們的網站上沒有明顯的公告。一路無緣無故地去那裡，工作人員真的沒有幫助，也不熱情。
1090	1	有很多擴增實境小遊戲可以玩，大朋友小朋友都能玩得不亦樂乎！
1091	1	無與倫比的美麗，迷人的玫瑰香
1092	1	非常美的一個地方
1093	1	博物館內常設展，專業收藏各領域具有歷史保存及教育性質收藏品。
1094	0	門口警衛真的不知道在兇幾點，入口就說機車可以騎進去，啊裡面的又在那邊吼不能進來，標示不清楚還在那邊罵遊客，完全沒有興致進去逛
1095	0	不怎麼樣垃圾太多了沒人管理
1096	0	裡面的砲，只有一隻是真的.
1097	0	時間還沒到工作人員就一窩蜂一直趕大家走，到底是多急著下班？？？
1098	1	- 它是全球華人地區裡面，擁有最完整保存清朝皇帝御匾的孔子廟³。 …
1099	1	今日去兒童樂園
1100	1	博物館周邊的有樹木林立及廣闊的草皮和湖景，外圍計費停車空間多，適合假日親子同遊，享受戶外休閒同樂的氛圍，是台南非常推薦親朋好友同遊的景點。
1101	1	很有特色的展覽館兼景點
1102	0	塞車勝地，十公里花了一個多小時，拒絕再去。再說也沒啥好玩或是有特色的。
1103	0	東西貴又難吃，近年來明顯坑殺觀光客化
1104	0	太短了
1105	1	其實臺灣就很好玩
1106	1	來到台南的奇美博物館，真是一趟令人難忘的文化之旅！特別讓我印象深刻的是裡面的武器主題展，這個展覽讓我對歷史上各地不同樣式的武器有了更深入的了解。從古代的弓箭、劍戟，到近代的槍炮，這些武器的展示讓我感受到人類在歷史長河中探索和戰鬥的過程。對歷史和軍事愛好者來說，這是一個不容錯過的展覽。 …
1107	1	經營很成功的博物館，雖為西式建築但巧妙的結合在台南都會公園內確不顯突兀反而融合的恰如其分，很推薦到訪。
1108	1	順路繞進來安平老街，
1109	1	但古色古味的鄉村風味很讚 …
1110	1	好多好好吃的美食呢 …
1111	1	收費合理，價錢公道！也有老人票，非常棒！
1112	0	單項遊樂園設施太貴！
1113	0	雪展安排非常糟糕,千萬不要去...沒有人數限制導致全部的設施排隊時間都過長...孩子根本撐不住  非常糟糕  有0分一定打0分
1114	0	很擁擠，感覺不舒服！
1115	0	展覽無聊
1116	1	很棒的博物館，猶如走進了歷史。
1117	1	古色古香的景點.池塘中間還有廟宇-還有讓你有拜有保佑-有月老-有財神任君挑選-想看看古早味的味道-可以去走走看看-彷彿回到了過去年代-池塘中間還可以體驗拉船-當漁夫-也可以租借旗袍-古裝等等-門票100元-不能折抵餐點.消費喔
1118	1	折價券50還要搭配套餐
1119	1	很有文藝氣息，寬廣令人心曠神怡的散步放鬆好地方。
1120	1	門票超便宜  歷史文物很多 讚讚
1121	1	舊安平除了吃蝦餅之外，到安平老街一定要去吃那邊的豆花，還有探索小巷子，會有意想不到的驚喜，附近也有許多景點可以串連著玩，不會像其他老街一樣枯燥乏味。
1122	0	2樓用餐區動線也是慘不忍睹
1123	1	我非常推薦來一趟，內部用大量造景來重現歷史，而且動線明確，也沒有壓迫感。儘管館藏有限，但知識量卻不少，會有很多驚奇發現。
1124	1	還不錯
1125	0	我在這裡有不好的經歷
1126	1	認真逛起來可以安排在這一整天，
1127	1	遊客很多停車場有點不夠，還開闢了商圈可，生態也很豐富
1128	1	很棒的博物館，建議安排至少半天的時間好好參觀
1129	0	我不敢相信工作人員！！我是6點左右來的，排隊等了大約2個半小時才上電梯。是可以輸入的號碼。
1130	0	很擠，不建議前往
1131	0	送給閘門入口的女保全！態度差到爆。
1132	1	棒....值得來一趟，詳情圖片。
1133	0	室內兒童館態度極差 非常不屑
1134	0	一個人先付1500才上的去
1135	0	都可玩到底，一進來一日卷的設施關了剩4項，有開的都要另外再收費！建議要進來先買門票，有開的項目想玩再玩，反正玩的都是要另外收費！
1136	0	計程車漫天喊價，騙觀光客
1137	1	展覽很有趣，清楚說明台南的文化演進，卡通式的圖示，比安平好上一點
1138	1	地點不在台南熱區，但從熱區騎車過去可以享受沿途河流的風光。
1139	1	小吃越來越貴
1140	1	大人$200，小孩$100，旁邊有停車場很方便，憑搭船的船票可以免費參觀旁邊的抹香鯨博物館。
1141	1	館外有草坪很適合散步走走！
1142	1	超棒夜市小吃,很熱鬧，不虛此行
1143	0	除了用展覽騙錢，常設展可以至少更新一下嗎？去設備有的感應不良，有的根本看不出有什麼科學反應，「科學教育」館到底有什麼教育功能？
1144	1	很值得親子共賞的地方。
1145	1	以往玫瑰園，百花獻豔，假日遊賞人海，現在缺乏照顧，雜草欉生，像是海埔新生地
1146	0	無遮陽
1147	1	夏天去真的很熱，冬天去應該比較舒服
1148	1	6/3的時候蒞臨
1149	1	食在没有奇特的地方/物陳五花沿習精神待开拓。
1150	0	髒亂，很多垃圾~
1151	0	工作人員沒有幫助，無法提供更多關於這個展覽的歷史。另外，我發現大多數人只是在外面拍了照就走了。我對這次訪問感到失望。
1152	0	表演場地我給一顆星的評價，我坐的這排地上剛好沒有LED燈（照片中我腳踩的位置），表演開始不到20分鐘內，就看到左右兩側各一個小朋友因踩空階梯往前滾，非常非常危險！
1153	0	滑個溜滑梯碎碎唸是在唸甚麼東西？？
1154	1	古老的建築，有著許多歲月的痕跡，很適合拍照，值得一遊！
1155	0	交通爛計程車太多佔位商店髒
1156	0	很擁擠,觀光品質很差.
1157	0	去一次故事就夠了。再也不會了(>_<)
1158	1	附近還有一間廟，要走一點路。
1159	0	室外拍照也要索價1500元，強烈不建議來此景點。
1160	1	每次去都有新體驗
1161	0	服務人員態度不好！
1162	1	原民、漢人、官府的交織「物」語-四顆星 算是很棒的展覽，展了一些原住民的器具和文化，了解原民與清朝交流的歷史文物。
1163	1	⠀ | 臺南 | 臺南孔廟： ⠀ ⠀ ⠀ ⠀⠀
1164	0	溜滑梯留下來會撞到屁股
1165	1	洋行12樓裡有展覽 介紹台灣的貨品運輸歷史 值得一看
1166	0	準備四個月上榜！
1167	1	設備新穎、內容豐富，館藏有趣
1168	1	有特色的文化古蹟
1169	1	很美的地方，一定要來看看。
1170	1	樹屋看榕樹，古蹟看曆史好逛的地方，而且離安平老街很近可以逛逛。
1171	1	人多 熱鬧 傳統的老街，古色古香，下次還會想去
1172	0	真的不怎樣
1173	0	玩個遊戲量身高120公分我沒意見，但是你給我在下面加一個鐵板叫我腳打開害我變117公分是什麼意思?還說我不能坐?後來是有人一直講我才可以坐的，下次去又說我不夠高，說你記得我，有把我記下來，害我不能坐，明明是你們設計不良，還怪到遊客頭上，你如果在回到5歲的話你去遊樂園玩遇到跟我小時候一樣待遇你會怎樣?兒童新樂園真的是爛透了，真想把它拆了洩憤
1174	0	非常非常非常不推薦
1175	1	台南在地的特色景觀，商店街和觀景區規劃還不錯，結合附近景點關仔嶺溫泉，碧雲寺，咖啡公路等，值得一遊
1176	0	某某攤位坑小孩子錢 一直欄著我們 一直叫我們玩 我們也不好意思拒絕他 結果他一直叫我們再玩一次 等我們玩到300的時候才肯放我們走 賺不到也不用這樣嘛
1177	0	112/7/7到現場。卻說不行⋯整個傻眼🙄️
1178	1	墓園
1179	1	風景很異於其他景點很適合到此一遊，救生衣的介紹很仔細，船上的導覽很專業很熱心，可以想像即便介紹了非常多次依然很有親切與熱情的感覺，船上負責操作船馬達與舵的先生也很細心，狹窄的河道上會船、轉向、行進間的走走停停都很平穩順暢，上下岸的協助也很貼心。
1180	1	很值得在不同的時段過來
1181	0	之前的印象並不干淨，但儲物櫃周圍的惡臭超出了我的忍耐極限。
1182	0	市集外的南側，是五六個卡拉OK攤子擠在一起，各攤大聲吵鬧的唱著歌。任何一攤的歌就很難聽了，五六攤混合在一起吵鬧，完全被噪音包圍轟炸。 …
1183	1	我是坐公車遊旅一員，此處交通不便很不便，很難叫車，公車只有3班次(平日)，我對臺灣國家公園印象是大大大，自然景觀自然大氣，此處打破我對臺灣國家公園的以往印象，高雄美術館比它更ok
1184	1	搭著竹筏探險去。 …
1185	0	建議安排2天才能整個逛完。
1186	1	樹根盤繞的樹屋，讓人覺得放鬆~ 超適合拍照，50元的門票滿值得的
1187	1	野貓快報 諸位靚妹上班 今日優質均一價格，無購買點數及刷卡.哥哥可以放心消費 環境絕對不會昏暗張亂，小姐服務到位給哥哥們平價花費 尊榮享受Line：xcat6262
1188	1	2021.11 每次來台南都會經過孔廟，這是第一次付費進去參觀，還蠻值得的
1189	1	容易見到野生動物 如松鼠、老鼠
1190	0	環境衛生不好，垃圾多
1191	1	館內常設展收藏相當豐富，除藝術作品、樂器外還有各國各式武器收藏。而且票價200台幣，相當平實。喜歡看展的人很容易就會在館內逛一個下午。此外停車場很大不怕沒車位。戶外的公園環境乾淨優美，也相當適合跟朋友野餐。
1192	0	無聊，飄雨冬天更不推薦
1193	1	很棒的風景區，是到關子嶺的必遊地點，停車方便，適合全家出遊。
1194	1	走馬看花的人，十分鐘就走完了，
1195	0	封館整修中，網站並無公告。
1196	1	非常美麗，水影陽光交織的生態寶地，唯一的遺憾是人太多想搭船遊隧道要排很久
1197	0	填什麼表單？？？？？
1198	0	標示指引不清，貓空纜車站方向過去會經過內有惡犬的民宅，前天（7/30日）經過時被咬傷
1199	0	現場設施預約制度規劃不良，不如先不開放
1200	0	太雜亂不會想進去逛適合觀光客
1201	1	很有古風的味道，
1202	1	停車不便，週邊停車一小時收費150元，超不合理，優美山城已然因他人之貪婪而失色，錢已成主宰，靜雅幽深古老山城為之一嘆！
1203	1	美食加美景渡假好地方
1204	0	主辦請用點心
1205	0	初四去的，就人太多，光排隊站得就累死了，小孩怎受的了？平均玩一個設施至少要排1小時，在吃個飯，能玩3個就累了（站到累）整個玩性大減。。找平常時間人少，也許玩的好些。。
1206	1	動線流暢
1207	1	還有螃蟹讚
1208	0	停車場綠燈會騙人， …
1209	0	從氣味.. 嚴重。
1210	0	不好停車
1211	1	內容豐富，想要了解台灣歷史的人一定要來。聲音導覽有趣，很值得。認真逛可以花上一整天呢。
1212	1	還好
1213	0	一切都是為了錢。這是個謊言。不，您不能步行，甚至不能探索“老街”。如果你去過菲律賓，尤其是在維甘，你會看到古老的街道。沒有任何介紹為什麼我們要放一串燈籠，甚至他們為什麼選擇那個地方放燈籠。燈籠10分鐘。從台北乘車2小時。跳過這個，稍後再感謝我。我不發照片是因為我不想宣傳這個。
1214	1	很多賣蝦餅！
1215	0	許多氣球污染了環境
1216	0	VR遊戲體驗區的等待座位，塑膠椅早已裂損，但仍繼續使用，若有家長帶小孩去玩，需要小心塑膠椅割手，因為我手指表皮被削掉，痛了4天，決定還是要來留言提醒大家。
1217	0	附了兩張50元折抵券 卻還限套餐折抵 一餐抵一張  (套餐幾乎200起跳)  想買喝的.單點小東西還要額外掏錢 光一個小園區就要449 我想用抵用券還要額外再多花錢 (根本等於勢必要在你那用餐.而且想要用完是一個人要吃兩份餐嗎! ) 要用要再多花錢 不用就浪費這樣 這做法對於遊客一點也不友善 誰出門不是在跑行程跑景點 …
1218	1	位於台南保安鄉的奇美美術館，有著宏偉的西式建築外觀與花園景觀，但與當地居民的農村建設與農業景觀十分不搭調，且差距甚遠。
1219	1	可搭乘竹筏或觀光船遊綠色隧道，導覽解說員非常認真細膩，兩旁生態資源豐富（夜鷺、白鷺鷥、白頭翁、喜鵲、螃蟹、彈塗魚），濕地水生植物也是非常茂盛（土沉香、黃槿、海茄苳、五梨跤、水筆仔、台灣海桐、綠珊瑚），台江國家公園中的台南瑰寶，絕美倒影畫面天使之吻，景觀超美，值得一遊！ …
1220	1	館外的佔地很大，很適合來走走
1221	0	服務人員動作慢，警衛態度很差
1222	1	台南孔廟建築莊嚴宏偉，氣氛肅穆，列屬國家一級古蹟，擁有眾多的歷代帝王元首御匾，現還大致保持「左學右廟」的傳統格局。孔廟的紅色圍牆代表著崇敬高貴，緣於周朝貴族宮殿冠服的顏色；極富風味、雕工華麗的傳統台閩式建築，都是台南孔廟魅力之所在。廟旁蒼鬱的古樹、綠意盎然的中庭，伴著古味古香的建築，思古幽情油然而生。台南孔廟不僅僅只是台南的地標，更是學子們的心靈寄託、放鬆的好地方。300年來，府城孔廟始終維持傳統，固定於春、秋二季舉辦祭典，尤又以秋季的祭孔大典最為重要
1223	1	看歷史古蹟順便吃吃喝喝
1224	0	管理人員態度非常差！！
1225	1	氛圍很棒，旁邊也有不少小吃，可惜擺了一排不搭的盆栽，破壞了美感
1226	0	她會傳達錯誤訊息！ …
1227	1	很好拍～復古風格
1228	0	當日沒開放 不得進入
1229	1	奇美博物館擁有豐富的展品，其中包括台灣歷史和文化的寶貴遺物，以及一些頂尖的藝術品。館內還設有各種不同類型的展覽，如歷史、文化、自然科學和藝術等。 …
1230	0	交通動線規劃極差！公車站牌設置，也是亂七八糟，計程車都不跳錶計費，來這裡遊玩，需三思，真符合「悲情城市」形容。
1231	0	他們中的大多數都包含在旅遊中。沒什麼大不了的。真的沒什麼。有種東西叫雷，被吹走，不過是浪費錢。全北群山有鐵路胡同嗎？不如去那裡
1232	0	但現在好像都是賣天燈～～～
1233	0	建議大家50元留著買飲料或吃的。
1234	1	台灣版迷你亞馬遜
1235	1	有著台灣第一街稱號的安平老街，是300多年前荷蘭人在安平建立的第一條街道，早期街道的設計都僅供人與推車通行，因此街廓並不是很寬。許多遊客來到安平也都必然進到這條古老的街道，擁擠熱鬧的人潮是安平老街的常態，似乎不這樣也不像安平老街，街上各式老店林立，不管是國內外遊客總在老街上穿梭尋寶，偶而抬頭看看街道上的老屋還能發現幾尊安座在屋頂的風獅爺，或是在門楣上的劍獅，也是走逛安平老街的樂趣。老街上還有許多條穿梭安平各處的小徑，每穿過一條小徑都有不同的風景，有茉莉巷，有胭脂巷等等，區域內也保留許多老式聚落，走在靜謐的巷弄裡面有如時光倒流一般，錯綜複雜的小巷也頗有探險的感覺，來到安平老街如果沒有走進巷弄的話就真的太可惜了。轉貼台南旅遊網
1236	1	是個很不錯、極具觀光潛力的地方，但希望政府能更投入些，讓更多年輕人進駐，同時努力維護，並將周遭環境整頓，使整個國家園區更有看頭與價值，成為濱海植物獨一無二的樂園
1237	0	不好的地方。週日太擁擠了
1238	0	本來想去的，但是當時是台灣公休日，說9:00等了兩個小時就放棄了。
1239	0	超級浪費錢，也浪費時間... …
1240	0	五點過後沒什麼人
1241	1	生態豐富，水筆仔、白鷺鷥、螃蟹、彈塗魚⋯
1242	1	要排隊排很久
1243	0	從網路購票的都要先去廟裡取票唷！
1244	0	遊樂設施都沒標示孕婦不能玩，大老遠跑來白跑一趟!
1245	0	停車上當,半小時收費2oo?所以不會有下次😒 …
1246	0	服務人員愛理不理
1247	0	天燈攤販擺出姿勢供遊客拍照。
1248	1	很棒的地方！每個館場的解説員都很熱情的介紹展場內容。值得一遊的地方！
1249	1	很棒的博物館，常設館台南市民不用門票，真是佛心
1250	1	這次參加假日舉辦的島嶼餐桌，場地比市區的寬敞舒適多了👍 館內也有豐富的歷史文化，火車遊歷史的設施讓人印象深刻 …
1251	0	早該拆了
1252	1	知性放鬆的好去處，裡面廣場草皮超級大，還有漂亮的湖泊，游著魚、烏龜和鴨子,還有讓人非常印象深刻的雕塑，這些都是完全不用收費的，真的非常棒，建物及雕塑都非常的漂亮、典雅也非常的精緻，有讓人彷彿置身在西方的世界的錯覺，在這邊可以非常的放鬆，裡面還有便利商店還有販賣食品的商店，走累了可以吃飽了再上，而博物館裡面展示也非常的豐富，印象最深的是有著非常多的動物模型，以及各式各樣的音樂器材，各朝代國家的武器，充滿歷史感的西方畫作及精緻的雕像，絕對是值回票價的，謝謝奇美許老闆提供這麼棒的地方回饋社會大眾，讓台南有有這麼棒的地方可以參觀體驗，推薦給大家，人生必須要去的景點之一
1253	0	覺得營業時間可以在延長
1254	1	風景美，山上還有很多景點，吃的也方便，讚！
1255	0	垃圾老街
1256	0	停車位嚴重不足😠 …
1257	0	多年來沒特色又高價。
1258	0	實際排隊時間：兩小時了連設施的入口都還沒排到 …
1259	1	小型博物館，台湾的文物欠奉，只有澳洲土著的樹皮畫。
1260	1	非常漂亮東西好吃的地方，但開車去真不知道停哪裡，相關單位應該重視
1261	0	只要停車就要錢
1262	0	買星空票入場，門票貴（星空250、日間450），但內容很空洞、遊樂設施安全性不足，遊玩還得簽切結書、動線混亂、糖Bar子餐點又難吃又貴（明明是微波食品，但桌上卻寫餐點現做，請耐心等待） …
1263	1	從老街入口就能體會蹦蹦跳的蝦餅
1264	0	還不拆掉
1265	0	1.燈光真的好暗，讓人提不起勁 …
1266	1	如此美麗
1267	0	完全沒效率的樂園，邊付款邊入場。
1268	0	餐廳幾乎都沒營業。只剩下7-11 …
1269	0	臭臭
1270	1	展示很多古代文物，以及歷代總統題字的匾額
1271	1	週日上午來訪，廣大的園區並沒有過多人潮，散步起來仍是很舒服的，進入大成殿要收費（全票50元、半票25元）裡頭有可以蓋紀念章和寫祈願卡的地方，考生可以來這裡祈求，相信有神明的力量能夠早日金榜題名！ …
1272	0	爛到爆尤其是這用餐的抵用券（像是詐騙），只限買套餐才能用，而一個套餐要369元（我們吃燉飯套餐）且只是多一瓶爛又小的汽水，若是單點燉飯是319元等於是變向硬是塞一瓶汽水若是選汽水以外的還要加錢（詐騙集團）。重點是說有三個可以用餐的地方（書屋／餐廳／糖BAR），結果書屋只到17：00還是17點：30就不賣套餐了，我們是星期六去的，明明是假日，結果餐廳也沒有營業？這是怎樣！只剩下我們用餐的那裡叫（糖BAR）,就只賣二種正餐義大利麵或是燉飯，重點是他們還賣星光票。真是爛到家了，真的 …
1273	1	位在安平樹屋旁，有著純白色外觀的洋式建築
1274	0	爛死了、
1275	1	學甲鄉間打造古色古香的地方，像是走入古裝劇，湖中小船讓我宛如看到甄嬛與果郡王，湖畔磚瓦則彷彿聽見俠女撥弄古箏，好似下一秒客棧便會有俠客與土匪一言不合打起來。
1276	1	博物館的腹地非常的大，博物館外有非常多的步道和非常多的雕像，營造出來的氛圍非常的優雅、輕鬆，博物館中分成不同展出內容的廳，有藝術、生物、武器、樂器...等不同的內容，有時候還會有特別的展演內容可以上官網查詢，博物館裡面的面積也非常的大，通常在逛完一兩個廳的內容就需要休息一下，館方也非常的體貼館內有7-11、餐廳、飲料店...在需要休息的時候可以稍微補充能量，館方的駐點人員也非常的熱心會不定時的幫旅客做導覽。非常的推薦一家老小一起來逛逛!
1277	0	目前封閉
1278	0	另外今天是第一次使用網路購票 但購票處沒有任何指示 工作人員也沒有說 等到都排到購票窗口了 才告知可以於旁邊機器兌換門票 有夠浪費時間
1279	1	這裡是臺灣的第一座孔廟（已有300大多年，著名的「全臺首學」匾額即在此處），若要參觀大成殿必須付費才能參觀。裡頭的古蹟保存完善，還有說明詳盡的導覽，並且有有趣的互動式遊戲。每逢教師節，祭孔大典必是美好的觀賞體驗。
1280	0	一堆莫名奇妙的步道走過去沒任何東西，真的要來要慎選，除非是為了看表演什麼的
1281	0	超級兇 一直要我買才甘願，最後還是被他強迫買了，有夠兇 態度可以麻煩好一點嗎？
1282	0	全館各間各有不同異味，是聞起來不舒服的味道。二樓體驗設施多有毀損沒修復。在體驗設施上撿到1月4號門票，今天是1月12號。代表全館根本沒在清潔整理。
1283	1	臺灣手指畫家暨老塘湖藝術村村長匡乙說，「老塘湖藝術村」是他長期收集，且以用數百年殘磚破瓦，以近30年時光，打造了廢墟古鎮古城奇蹟成果。
1284	0	很差，展覽的，太自己為是了，好幾次了，都是這樣，以後不去了
1285	1	火山碧雲寺已有320年歷史，再往上行駛約莫2分鐘（1公里）車程，就能到達堪稱台灣300年七大奇景之一 火麒麟（水火同源），且此處還有一座名副其實的枕頭山
1286	1	來台南必定要去造訪的古蹟景點，懷着思古及感恩的心情。
1287	1	一場台灣居民的文化饗宴，多面向的瞭解了台灣的發展史！
1288	0	爛死人的購票系統、客服的態度也很差，許文龍有看到嗎
1289	1	走走逛逛，吃吃喝喝的好地方
1290	1	蠻有特色的景觀，整體規劃還不錯，停車方便，步道&商店街規劃的很好，從停車場走到景點算方便，但標示不是那麼清楚，可結合旁邊的景點做整體旅遊規劃
1291	1	有歐式庭園可拍照美景  有大片草地可席地而坐曬太陽休憩 有展覽活動來擴展知識 有超商美食 適合在這邊待上一天
1292	0	沒有什麼很空虛
1293	0	坐船很熱，記得擦防曬，手機記得要用手機帶，不然可能會掉水裡
1294	0	水火同源，好幾年沒去了，還是像以前一樣旺盛的火苗～
1295	1	古蹟卻維持的很好又乾淨，植物與環境有專人積極照顧
1296	1	我覺得很好玩
1297	1	環境優美，還有美食區跟公共廁所 非常便利 …
1298	0	爛死了有夠無聊不要來
1299	0	我建議絕對不要去。
1300	1	好熱鬧的老街，值得一遊
1301	1	這裡的古建築真的不錯👍以及古裝戲劇類最佳場景組合營造出來的新景點十分適合帶小朋友來這裡 …
1302	1	我們沒走去旁邊的廟，但有去附近的大仙寺，很漂亮！
1303	0	建築災難，抄襲文化 沒有水準的設計。
1304	0	建議停留時間：1~2小時
1305	1	關子嶺知名景點，週邊環境維護的很乾淨，有多棵臘腸樹，樹蔭遍佈。
1306	1	已經造訪第二次了，很適合帶孩子來的地方，館外也很適合野餐放風，我們只去了2樓還逛不完，可以在這停留大半天
1307	0	草皮需再加強，小朋友活動好處所；若要遛寵物是好但排洩物卻滿地都是另外有人將自家垃圾留置於公廁內（水準、公德心要加強）。
1308	0	結果人員態度很差的量身高
1309	0	事先在kkday上預定了入場日期與時間，現場卻不能使用機器取票，只能排隊換紙本票卷。就是因為知道過年期間會有人潮，特地先購票，結果到現場還是要大排長龍，櫃檯人員說明：目前規定要用紙本票券控管...
1310	1	人潮多，
1311	0	可以上網買票比較方便～直接從右手邊進到廟裡面操作機器取電子票券！
1312	0	簡單說，門票貴(兒童節連假全票459元長輩跟兒童門票只便宜49元)，動線差，小黑蚊多，遊玩項目少，園區內遊客卻很多(跟我一樣被騙去的嗎？)，這輩子不可能再去的地方…
1313	0	排隊長等待時間久，消費高幾乎都要花費免費的沒有幾樣，希望能改一票玩到底！？
1314	0	請不要誤會
1315	1	台灣手指畫家匡乙，在原本的魚塭外圍，用數百間的古厝材料建造的ㄧ個小小古風城鎮市集，而原本的魚塭，就成了老塘湖，湖中島刻意蓋了月老廟，財神廟，供大家參拜，島上還有拉船，可以自己搭乘拉回岸上，頗有趣味，門口旁的樹屋ㄧ定要上去看看，自生長時即刻意塑造的樹屋空間，二樓，有樓梯都可以上去看ㄧ下不同的景緻，樓梯雖老舊，但紮實，只是上樓時穿裙子的女生要留意ㄧ下。 …
1316	1	場館外很適合親子一起活動，去的時候看到很多家庭一起在草地上野餐感覺也很棒，館外有漂亮的點可以拍照，橋上也很漂亮。
1317	1	還巧遇電視劇拍攝
1318	0	今天第一次來拜這間有名城隍爺月老廟，但不得不說裡面一個管秩序的男的真的態度很差到不行，初次來加上現場那麼多人當然不理解接下來流程狀況，有必要這麼大聲兇狠口氣嗎？？ 但後發現他對每個人都是這樣，像每個人欠你幾百萬一樣==  好好體驗心情被這種角色搞壞
1319	0	排隊動線也十分混亂，排隊也都未註明需耗時間，入場體驗很差。
1320	1	古色古香的建築 逛起來悠閒自在❤️
1321	1	帶孩子來走走很棒，有文學氣氛
1322	1	保留真實的古建築，就是古裝劇裡的場景
1323	1	小巷弄四通八達
1324	1	很特別的體驗，很漂亮的景觀！有自己的名稱叫四草綠色隧道最好了，不需要再攀炎附會的說是台灣亞馬遜！
1325	0	把原居民趕走，變成一個殭屍般沒有靈魂的建築。
1326	0	又小又擠、餐飲不佳，可憐的台北兒童。
1327	1	即使帶小孩不買門票也可以在周邊公園好好放電也很適合。
1328	0	常常有變態在這裡遛狗！噁心～
1329	1	台南市必遊的景點
1330	0	1.門口的查票員 說話方式 完全沒有受過服務業的訓練（同樣的事情，透過 溫和成熟的語態說出來，跟用  質問態度說出來。真的差很多。
1331	1	而且對我這個台北人來說，這裡的東西便宜實惠，忍不住買了一整個行李箱的食物回台北
1332	0	東西太貴
1333	0	小黑蚊太多
1334	1	展覽品豐富，樣式也多，可以給人體驗台灣特有的歷史。定期更換的特展也很不錯，讓人體會到館方的用心
1335	1	景色宜人
1336	1	高中畢業後、都出社會了，終於又找到機會來訪！依然很美～但希望紀念品店商品可以多一些！想買紀念品結果找不到合適的🥲 …
1337	0	老街口這間私人停車場很坑錢，
1338	0	超爛，電話沒人接，還馬上斷線
1339	1	炸魷魚太好吃了，你一定要試試
1340	0	廁所男女不方便
1341	1	進入到裡面，就可以感覺到莊嚴肅穆氛圍 …
1342	0	聽不懂我們的意思 我們就跟他說沒事了 …
1343	1	整個環境維護得蠻好的
1344	0	很難找停車位置
1345	1	感覺還不錯，人潮一樣多， …
1346	1	滿有趣的一個景點 , 入園門票只要80元 , 周邊很好停車 , 在這個鄉下地方有這麼創意的藝術家大手筆搞這麼大的園區來發揮創作 , 很多富有古早味的古村莊，古城門、古街景、古房子，等等很好適合拍照的景點 📸📸📸 …
1347	1	台南景點，台灣首府，沉默慢遊，怎麼拍都是經典！想到孔子曰：👍 …
1348	1	整體設計規劃蠻好的。神仙島，去回擇一，手拉竹筏過湖，趣味。 村長是瘋癲畫家，匡乙，此處門口有題「匡園」。
1349	0	觀光區部分店家態度很差
1350	1	購買童玩
1351	1	看了旅遊書特地前來，這裡真的彷彿回到歷史裡，孔廟裡處處充滿書卷氣.很棒的地方
1352	0	購票沒有引導人員，一堆排隊的人不知道旁邊有自動購票機。觀景台上一堆銅臭味的商家，又開始有排隊人潮，活像個高級菜市場。總之整體上，非常失望。
1353	0	騎goshare來這邊要注意到廟那裡會超出服務範圍不能還車 而且附近也都沒有換電站可以用
1354	1	寬闊，有小山，適合輕鬆登爬，有水池，可釣魚休閒好地方。
1355	1	那對夢想的堅持 …
1356	0	密室逃脫服務人員態度極跩，說明是只想趕快背完稿，時間一到就要把你趕走。問她剛剛遊戲過程的事，她只說“抱歉我們不說明”。
1357	1	很漂亮壯觀的樹屋
1358	0	2.點了碗雞肉飯、滷肉飯，飯整個黏在一起，完全吃不下...。 …
1359	1	園區非常美，館內空間寬敞，收藏品也很多，廁所乾淨
1360	0	沒特色店家服務態度不佳
1361	1	可排一小時 接近閉館夕陽時很美
1362	1	今天去比前兩年好多了，之前來的時候，幾乎全省的老街都賣一樣的東西，今天來過之後，安平自身特色的東西就多很多了
1363	1	非常安靜。
1364	0	遊覽車不能開
1365	1	無論是參考歐式博物館的外觀、豐富的館藏、常設展、專業的導覽或是不定期的特展，都具有可看性。 …
1366	0	Staff is very rude. So crowded. Couldn’t find any sign of route. Street was very stinky and dirty. …
1367	1	位在安平樹屋旁，有著純白色外觀的洋式建築就是英商德記洋行，是英商德記洋行在安平開港後於台南安平所設立的據點，為當時的五大洋行之一，早期港運尚能通行時，位在港邊的德記洋行主要業務是出口糖、樟腦與茶葉，並輸入鴉片，是繁盛一時的重要商業據點。現今德記洋行早已失去商業的功能，改規劃為台灣開拓史料蠟像館以蠟像展出台灣早期生活樣貌；台灣開拓史料蠟像館在2001年規劃了時空走廊，將德記洋行的歷史、成長軌跡在此詳細展示
1368	1	很詳細的解說，天氣陰陰的，不然會更美麗！
1369	0	態度不敢恭維
1370	1	適合一群姐妹來玩～會拍得很開心XDD
1371	0	服務台翻我白眼==
1372	0	沒有亮點
1373	0	廟方阿姨口氣態度即差 令人不敢恭違
1374	0	人們不像以往熱情，完全變成觀光景點後，人們變得世故，而且什麼東西都變得很貴！
1375	0	大客車停車場管理員態度非常傲慢！一副流氓樣！
1376	1	❤台南市民▶️免費
1377	0	很無聊
1378	1	很棒
1379	0	- 蒼蠅被路燈吸引，而且數量太多了。它們會爬到我們的食物和身體上，讓整個進食過程變得非常乏味和不舒服。
1380	0	就是個雜，人擠人的地方，看不出個好在那裡，賣的東西沒特殊性，下次應不來了！
1381	1	四草綠色隧道🌱兩旁的紅樹林向中央生長齊聚，交織出茂密的半圓綠頂，一層一層的向前方疊出深邃的廊道，不知盡頭而顯得神秘，四草綠隧也有了小亞馬遜之稱。 …
1382	1	在街道上尋找大大小小的劍師古蹟們，好有趣唷
1383	1	適合國中、小學生必遊景點，來看看教科書中孔子的教學歷練，看到不少唸得出來的名字時，小孩充滿著情切感~哈哈。
1384	1	周邊有美食
1385	1	還有不定期的展覽看欣賞！
1386	1	排隊時可以看一下教學影片
1387	0	沒啥好看
1388	0	四月六日下午六點左右賣護身符的老婦女喜歡去優先塞紙條的泰國人 憑什麼環保用嘴說的人就活該要後結？
1389	0	不好吃
1390	1	很好拍照放鬆的地方
1391	0	名字太差
1392	0	缺乏規劃，請勿觸摸的牌子沒有英文的，今天親眼見到一群外籍人士直接踩進去花叢以及為了拍照直接用手粗魯的拉扯花，有口頭請她們不要觸摸，但她們完全不理，
1393	1	展覽廳內台南巿民不用錢，一樓是兵器廰，動物標本區，二樓是小提琴區。臺灣館藏最豐最富盛名的私人博物館。全館佔地9.5公頃，建築風格融合了羅馬、希臘等古典元素，宏偉且壯麗，讓人猶如來到了美國白宮;廣場更以希臘神話故事來營造主題，讓綠意盎然的台南都會公園增添了浪漫的異國風情。
1394	1	可很適合帶小孩出來走走，了解台灣更多歷史，推薦想親子旅遊或是家族旅行都可來這遊玩，門票費也便宜，館內人員都很親切。
1395	0	所有東西基本上都要另外付費、 …
1396	1	蕭條，卻古意盎然。斷垣殘瓦，配上湖景，思古悠情，意外地動人。停車免費，入場費值得，可免費拉渡船。一些古早小吃零食，如椪餅，也很有意思。值得造訪。
1397	1	這裡是由抽象派藝術家匡乙一手打造的特殊藝術村，擁有他自己的個人特色。
1398	0	沒什麼東可買可逛。
1399	0	假日所有人卡在電梯這
1400	1	中正廟 威權象徵
1401	1	再次前往更新：停車場車牌辨識終於正常，館內時光火車雖然只有十分鐘，但非常值得親子一同體驗，孩子進去出來說很棒，兒童館區也很優，除了室內也有室外區，要注意的是兒童館區有開放時間跟人數限制，時光火車一進去可以先去登記預約場次。 …
1402	0	環境較髒亂，動線指引差，車站旁的廁所很髒
1403	0	在這裡的體驗非常糟糕。我在去這里之前已經閱讀了提示，如果不想買他們的褲子，我們需要帶上我們的褲子。按照建議，我自己帶了，但是當我拿著票進去的時候，他們讓我出示我的褲子，他們說我穿錯了。我很確定我的和他們的是同一類型的。這與錢無關，但我不喜歡被騙。有傳言說。
1404	0	草莓要12月才有，沒人沒特色，越去越失望。
1405	1	是個不錯的地方，很寬廣很適合帶小朋友或寵物跑跑跳跳的。
1406	1	大家都喜歡來這裡走走、買買伴手禮
1407	0	清潔度有待提升，早上去玻璃一堆霧，根本看不清楚，展品和多年去時沒啥差別，不會再去
1408	1	有300多年的歷史，這是一個知名的風景區，水火合一終年不斷，在水火上還有個不動明王，真是不簡單。在水火同源前面的廣場，有幾顆臘腸樹，結滿了不能吃的臘腸，非常壯觀。附近還有販賣咖啡，名產的商家，親切的招呼，並提供舒適的座位，讓遊客休息，使人身心靈得到深層的舒爽。
1409	0	身高不友善
1410	1	好悠閒的時光
1411	1	藝術村周圍好停車，整體造景很古色古香！
1412	1	這裡除了建築很美，展場動線與展品規劃都很棒，容易讓人融入、對歷史故事有興趣！男女老幼都適合來的舒適博物館。
1413	1	樹木長得太茂盛了，看不到美美的風景😭
1414	1	門票40元，雖然場地不是非常大，但覺得建築很美，剛好帶考生去祈福
1415	0	燈會電子集章還要寫個資，爬到三樓，掃的章要花三十分鐘，私心真的很重。👎👎 …
1416	1	我們騎單車走讀安平老街，在老師導覽解說下認識安平的「劍獅」。據台南市政府的整理研究，安平老街一共有23個劍獅。安平地區劍獅的由來有幾個傳說，主流的說法是來自鄭成功駐軍。在荷蘭人佔領台灣的時候，對於鄭成功官兵手上拿著的刻有神獸的盾牌感到非常害怕，因此當時駐紮的將士官兵將在每次操練回家之後，就會把刻有獅面的盾牌掛在牆壁上，並且把兵器插入至盾牌前獅面的口中，看起來很可怕、很厲害，據有十足有威嚇的效果。因此當地的百姓為威嚇荷蘭人，也在門口放置刻有獅面、口中咬著劍的門牌。家家戶戶都用， …
1417	1	因所處位置關係,它與台北市的歷史深入的黏上;館前路的博物館、公園路的台大醫院、介寿路的台北賓館、外交部、介寿公園(前為三軍球場)與總統府,旁的台灣銀行總行…,另商業、書店的衡陽路…。 …
1418	0	既然收了門票就有基本的管理責任/規範廠商，這麼大範圍的草皮你們要另外辦活動就需要把禁止活動的範圍劃出來（照片上誰可以看到禁止/注意標示？），小孩子不知道靠近射箭的區域是被用吼的驅離（紅衣工作人員/在場應該都可以聽到），要怪家長沒有盡到照顧責任轉移焦點的言論覺得有建設性的就留吧。（草皮這地方不能亂跑/要保持警覺） …
1419	0	恐龍展的預售票說是一張票可以一個大人和一個小孩入場。結果到現場變成兒童新樂園的門票是一大ㄧ小。恐龍展要另外付一個人的門票……售票人員還說我已經不是第一個人有這樣子的疑惑！所以是大家誤會，不是你們銷售業務的問題嗎？
1420	1	偶爾可以來逛逛的老街，附近也有其他景點可以走走逛逛
1421	1	□ 聖誕節特別演出：
1422	0	超無聊，停車收費，可是旁邊一堆空格的，超無言…
1423	1	以「渡海」、「鯤鯓」、「雲牆」、「融合」四個與臺灣意象相關的概念為設計核心，館前的水池象徵先民橫渡黑水溝來臺的渡海意象，廣場上的雲天廣場水舞臺代表的是鯤鯓，比喻先民穿越海峽時在海上遠觀臺灣西南岸沙洲，好像看見鯨魚隆起的背一樣，點出先民倏見臺灣島的驚喜。映射著光影的太陽能光電雲牆，則代表著渡海時眼前豁然開朗、充滿希望的雲天壯闊景象。園區內展示教育大樓及行政典藏大樓，擷取了漢人合院紅磚建築、原住民干欄式建築與石板屋等建築語彙，展現融合風貌。空間的設計上也與自然相呼應，展現建築與自然環境融合共生的關係。
1424	1	整個空間規劃的很好，戶外很多景隨便拍都很美，室內則可以看到許多很棒的收藏，走累了還可以在咖啡廳或餐廳吃點東西休息一下～
1425	1	大稻埕很棒 天氣好的時候更好 但是一顆星是給一間賣pizza店的….
1426	0	因疫情關係沒有夜市芬圍，加上有些店家染疫沒有開，人也三三兩兩
1427	0	是在哈囉，我在豆豆先生前面看作品不小心被自己絆倒，不小心按到拍照(我手機開相機要給我妹妹拍下面的機器人)，結果老闆抓住我的衣服不讓我走，而且我不知道我有按到，一直叫我刪掉刪掉，真的是，一整天心情超不好🙄 …
1428	0	沒東西
1429	1	超級棒的一個地方，還可以搭船❤
1430	1	雖然許多建築已經年久失修有點可惜，但是整體來說我很喜歡這裡
1431	1	工作人員很讚
1432	0	不要再去，草原都封起來
1433	1	最好帶私人浴室的好汽車旅館。
1434	1	說明很仔細 每一時段每一季節應該都有不同的變化
1435	1	陸客天下
1436	1	果然是台南首都
1437	0	都沒辦法讓客人可以在不撐傘的狀況下好好逛
1438	1	可以看到很多珍貴的老東西 適合大人小孩
1439	1	很漂亮 很熱
1440	1	觀光區有很多各式各樣的美食，觀光區外仍有很多美麗的角落，值得細細品味
1441	0	修復工程太過草率，糟蹋了原來美麗的古蹟。大門的古董鉸鏈沒有使用原本的一字螺絲，胡亂鑽了幾個孔固定，鎖上的螺絲也亂七八糟。解說影片中提到用特制鏝刀所以牆壁抹得特別平整，但現場看到的牆面卻凹凸不平，是怎麼回事。喜歡古建築的人要有心理準備，看過很傷心。
1442	0	票價漲了一倍紀念品店也擺得滿滿連排隊搭電梯行列中也設照相奌拍了照後到89F買若有人要拍竟强要排隊行列等拍完才可前進豈有此理
1443	0	我去販賣部買個平安符，因早上睡醒腦袋不是很清楚，要給25元拿錯給成65元，看我拿錯錢，就把十元直接灑在桌上，這樣就算了，連找的錢也一攤手的給我灑在桌上，是瞧不起花錢少嗎？還是把我當外國人？我明明是親自用手交給妳，妳放在桌上也罷，但是用撒的！！！看妳也一副對我不屑的樣子，還連發票都忘給，我沒在那看妳，妳當真沒發生什麼事。
1444	1	外籍看護 聚會場!
1445	1	台南孔廟，著名的歷史建築，但受到地震影響，目前多處在施工整修，未來整修完成值得在一遊！
1446	1	中共間諜常再次活動
1447	1	蜜餞好香~太陽好大 還有泡泡冰~可惜不能吃冰
1448	0	這𥚃的工作人員對小孩非常兇，還不聽解釋，令我非常失望 …
1449	0	要來的人要想一下沒有停車位子，大家停路邊沒有空間可以匯車
1450	1	人不如以往多 心曠神怡
1451	1	場館外觀設計不錯，但是：
1452	0	非常不喜歡，殘障設施做得太差勁，走進去就像走到一個廢墟中。帶身障人士或推嬰兒車真的不方便。
1453	1	生態之旅
1454	0	問個東西 也不能 講話是要多差啊
1455	0	爛透了園區裡的商家幾乎都關著門，都不知道給抵用卷是要去哪裡使用？
1456	0	僅此一家絕無分號
1457	0	為什麼偷偷改名
1458	0	整修封閉太多，可惜了
1459	1	裡頭從史前到現代歷史講述清楚也有留下很多的物品和文件，照片也不少，互動遊戲也有，播音器要花錢租但講述清楚也明白（分小孩和大人版的），商品店的商品沒有特別吸引人買的，停車要50，裝水、廁所都有，推薦
1460	0	糖pub餐廳 很差 非常差
1461	1	很有趣可以了解台南跟早期的台灣 …
1462	1	持學生證門票只要25！很划算！
1463	1	一張門票可參觀，德記洋行、樹屋、書法館, 台南市民憑市民卡免費參觀，全票50元，半票25元，好康告訴大家108年5月-6月平日星期一至星期五皆免費參觀, 歡迎外縣市的朋友多利用平日來參觀， 這裡很適合拍照， 打發時間，物超所值， 來台南必去的景點之一，有一點要注意， 進入樹屋要慎防小黑蚊， 過敏者請做好防護 措施。
1464	1	老街依舊人潮眾多，適合不疾不徐的悠閒閒逛
1465	0	可以帶進來 要裝狗籠子
1466	0	被迫到門口售票處求換錢，一口回絕！ …
1467	1	到的時間已晚，沒有買票入園。在外面看看也是很美的。
1468	0	停車位只有機械停車設備，不建議大台休旅車跟低底盤的前往停放停車場，在路邊的停車位比較合適；這次照訪默默撞斷後照鏡，還沒踏青已打道回府修車去⋯
1469	1	捍衛新聞自由可以，表達訴求可以，不要為了炒熱氣氛開演唱會好嗎，對面是國家圖書館，需要一個安靜的環境。
1470	1	在解說員專業的解說下，沿途在小水道中賞析到水生植物與倒映在水中的幻麗景觀，讓人快門一直按個不停… …
1471	1	適合假日悠閒的走走，看樹看草，小憩一下的地方！ 台南市民記得要帶身分證可免費入場
1472	0	人潮擁擠，商店乏味，東西難吃，街景雜亂
1473	1	鬧中取淨，悠閒的歷史景點
1474	1	很開心來到這裡玩
1475	0	媽的超爛，路線不清不楚一直上上下下跑來跑去，套餐抵用劵一個套餐只能抵50圓，你給我四張衝三小？？
1476	0	坑，一群放天燈的垃圾奸商
1477	0	我是不知道為什麼明明就是你們要求嬰幼兒不得乘坐推車卻要求一歲以下嬰兒戴口罩，售票時完全未提及上樓才被teamlab未來遊樂園&與花共生的動物們展覽門口人員態度很差的告知🙄請問戴奶嘴真的能防疫嗎？推車放旁邊出來也被其他遊客觸碰過根本沒在看~真心難懂為何疾管署都說一歲以下嬰幼兒免戴口罩卻在好好一個休假日想說帶女兒看看光影刺激的時候入場就把整場看展的心情搞爛了🙄 …
1478	0	不靈驗
1479	1	環境很清幽，很安靜，風景不錯
1480	1	是來玩還是來排隊的
1481	0	自由行的司機很不友善，服務人員愛理不理，沒辦法太小咖。
1482	0	地太大……不建議夏天去
1483	1	台南著名景點，可安排約一個小時來參觀
1484	0	交通動線警察一堆，但是還是塞到一個不行不知道在幹嘛
1485	0	無聊不值得
1486	0	建議不要花錢買罪受！
1487	1	不過，如果只是單純帶孩子進來拍照玩沙的話，入園30元是可以接受的價位。且附近就有停車場很方便。
1488	1	隧道很美，船長會介紹生態環境
1489	1	除此之外，一樓也有一些需要先排隊的劇場或體驗活動，三樓有特展，可惜來不及逛🥲
1490	0	警察在很遠的地方就攔車，但裡面完全沒有車，有殘障車證行動不便還是不能進去
1491	0	不喜歡
1492	1	近幾年來安平 …
1493	0	它沒有得到維護。不值得一遊
1494	0	門票有夠貴，進去吃東西還要另外算錢，所有設施都還在施工也不完善卻硬要開放且照樣收錢，真的有夠不人道，跟本吸血鬼🙄️ …
1495	1	來台南必逛景點 …
1496	1	戶外空間寬敞，適合家人及親子活動。館體展覽能了解先民及現當代相關歷史，值得一遊。
1497	0	我墨鏡掉到水裡
1498	1	四草綠色隧道所指的是四草大眾廟後方排水道的紅樹林區，這條河道因兩側遍佈樹齡逾50年的原生紅樹林，自然形成一彎如隧道般的景象，號稱「迷你版亞馬遜森林」，同時也是臺灣唯一的水上綠色河道。 …
1499	0	什麼店家都沒開
1500	1	非常有特色的景點。適合全家大小一起出遊。
1501	0	小孩每月定期體檢在9月份就已97公分，入場服務人員堅持小孩未滿95公分不允許遊玩。
1502	1	這裡真的超漂亮，每一個地方都可以拍出美美的照片，裡面的藝術作品，雖然不算太多，但是全部逛完也要2小時，而且拿台南學校的學生證就可以免費進去逛，所以台南的學生給我去逛爆，外面是很漂亮的大草地，可以看到很多的寵物狗狗，還有飼養的鵝鵝們，雖然他們蠻兇的，但真的很可愛，每一隻都有自己的名字www，假日有空可以去野餐拍照，聖誕節的時候還會有超大聖誕樹
1503	1	很有規劃的夜市，一條街有4排的物品可選，很棒的的地方可選很多小禮物!大推
1504	0	過年期間人爆炸多
1505	0	大樹屋特展糟到一顆星都不想給，說是展覽不如說夜市遊具大集合，裡面氣墊跳床、甲蟲碰碰車、毛蟲軌道車（軌道還誇張地橫越在人潮動線）....每樣都是排隊再排隊，整個展場擠滿人，找不到坐的地方，要玩這類東西我幹嘛不去隔壁兒童樂園？當初信任科教館招牌才買的票，如今科教館已變如此譁眾取寵和自貶身價，連這種低質感特展都收了嗎？！離譜到極點。館長應該為此感到羞恥。
1506	1	涼涼的，可以體驗一下乘著竹筏在叢林裡穿梭的感覺
1507	0	有些店家態度極差，好像欠他錢一樣；東西貴又難吃，下次不會考慮在老街用餐
1508	1	好寬廣
1509	0	麻麻地！太多人！食物質素也不好
1510	1	第一次來玩 滿新鮮的 隧道滿美的 還好有要早早來排隊 等差不多30分鐘左右 小船上的解說員也很有趣 我們還有看到彈塗魚 在船上帶著綠色隧道提供的斗笠遮陽 邊閃躲左右來的樹 滿有趣 …
1511	0	别去，里面是个什么学校之类的，几栋白色建筑，某个位置算是网红打卡点。之前星期六去没车位就走了，星期一再去发现油钱都亏了
1512	1	附近有免費停車場，停車場旁小店賣的青草茶滿好喝的。
1513	0	先說結論：外地觀光客來說非常不推薦，除非是帶小朋友來，才需「考慮」安排去這邊。
1514	0	廁所沒有燈 十分嚇人 請改善
1515	0	很遺憾 ，最近有公告說野化水牛行為，和設施維修。大草原已不能進入。
1516	1	蝦餅、蜜餞、麥芽糖餅乾、各式古早味 …
1517	1	史博館內推薦家長帶孩子去參觀走走
1518	1	土生土長的台南人，我原本都很少出遊，連在台南在地旅遊也少，外食也少，不過交了台北女朋友（未來老婆）之後變得很愛外出旅遊踏青，難得平常我都北上去台北玩，這次她下來我親自帶她遊台南，不過因為平常大家都會帶其他縣市的人來市區玩，我就不一樣了，喜歡去郊區玩，這樣比較有意義
1519	0	我要問就收起來，要買供品跟金紙才會理你
1520	1	畫家 匡乙 藝術之境
1521	0	垃圾中正廟
1522	0	車流多
1523	1	讓大人小孩了解台灣歷史的好地方，展館冷氣很涼，很棒。
1524	1	安平老街，台南算是指標性的景點，近年來只要是連續假期人都多到炸掉，身為臺南人覺得蠻值得逛逛的！
1525	1	還有多媒體跟沈浸式動畫可以看
1526	0	門口全家態度超差的 …
1527	0	變太觀光化的地方
1528	1	適合帶小孩來走走！
1529	0	-----
1530	0	一顆星是給表演的，動線安排混亂不清楚，餐點非常園內價格（抵用券根本沒用），遊戲規則跟排隊動線完全沒有規則可言，人多的假日根本不用玩。
1531	1	很久沒來以前來的時候火苗很小現在火很旺，現場實名制人員辛苦了，人很多還要盡責的登記
1532	0	熱可可沒滿杯只有六分滿吧超商咖啡小杯大小還要40元 失望ㄛ
1533	1	了解台灣歷史，題材與模型都超乎我預料的好。兒童區的時光車站帶遊客品味台灣每一段變遷，很擬真的4D體驗，很值得一看
1534	0	餐點忘記上，放在微波爐裡很久，等消費者自行取用
1535	1	夏天到臺灣歷史博物館不怕熱，無障礙設施齊全，全家來晃晃非常不錯，票價也不貴，火車劇場全程大約六分鐘(拍照錄影建議先詢問服務人員哦！)，需要先預約登記，建議入場後可先登記再到展區參觀，慢慢逛可以參觀將近2個小時，外面有間摩爾咖啡，逛完也能用些簡餐！
1536	1	適合來走走逛逛，坐船體驗
1537	1	帶小孩耒玩的地方，讚。
1538	0	超級無敵爛，排骨丼飯超難吃，馬的B
1539	0	第一次來到這個 陳舊的 新景點
1540	0	動線差 票務人員態度有待加強
1541	1	發現新的產品鱷魚造型冰淇淋。 …
1542	0	只拍了菜單
1543	1	很美 值得一遊
1544	0	我注意到這個地方到處都是在溫泉里撒尿的老人。這個地方有股尿味，人滿為患，而且……好吧……別在這裡浪費時間 …
1545	0	變的很吵雜...
1546	0	這種有便宜票價是沒問題，3歲小孩玩沙玩水免費沒問題，但要進水場玩水要等，50分鐘輪替，有人數限制沒排到位，回家吃大便，又碰到鳥地方
1547	0	施工區旁人行走道的夜間照明應加強
1548	1	看完評論，按個讚吧！您的鼓勵是我的動力！
1549	1	安平樹屋門票不貴，值得全家一同參觀，且園方整點也有提供定時導覽，導覽員很專業也很親切，認真走完一圈可以吸收不少知識。還可以一次逛足三個景點朱玖瑩故居展館，內部有個區塊可以讓遊客拿起毛筆，並於牆上提供臨摹字體，讓遊客親自動手寫書法；而安平樹屋中的老榕樹更可以讓遊客讚嘆大自然的奧妙；而日據時期的英商德記洋行，更是台南市三級古蹟，內部陳列早期大日本鹽業株式會社的辦公室與倉庫展品，也值得一看，從中了解台灣與外國經商的貿易史。
1550	0	好像只歡迎外國觀光客....不是帶朋友來玩不會來
1551	1	明鄭時期全臺第一個教育機構，整個孔廟文化園區富含濃厚的人文氣息，無論何時，置身於此場域都能因光影的流動而有不同的感受。
1552	1	兒時記憶崩壞 …
1553	0	裝修許久，材料隨便堆置，國門之恥
1554	1	第一次來這裡，分享這麼多照片，是因為太好拍了，充滿大陸古鎮的場景，城門，木橋，竹筏，湖畔，一磚一瓦盡是斑駁的痕跡。處處都是斷垣殘壁的古蹟。喜愛古代建築的人，這裡一定不容錯過喔！
1555	0	明明每項入口處都有表示禁止代排及插隊，還是有一堆父母在那邊不識字，一個人排要差三四個進來，跟工作人員反應他們也充滿無奈，如果不想受氣可以別來了。。。
1556	1	門票只要100元，內部空間廣大，冷氣夠涼，還能夠了解台灣歷史文化👍👍 …
1557	0	東西貴又難吃  陽春麵+貴竹筍+豬肝  200元/1人份
1558	1	歷史課本上的「全臺首學」
1559	1	這裡的風景，隨著時間的推移會有著不同的感受，清晨涼爽的微風讓人愜意享受風的柔軟，待至傍晚的夕陽正落下時，餘暉觸摸畫框的四個角落與景色交織成一幅畫。 …
1560	0	2/17（三）前往園區遊玩，整體遊玩體驗非常差。
1561	0	設施少又無聊，兒童體驗館就是一座溜滑梯，動線規劃也不行
1562	0	第二次以上來參拜，為何香油錢要100元以上？是神明託夢告訴你們的嗎？還是你們廟方就此斂財呢？真正的廟宇，香是免費提供，金紙看個人是否要拿取參拜，香油錢更是隨喜！這裡廟方人員偷吃真難看！
1563	1	古代希臘神話是從小就知道的故事，長大後看這些東西特別有感覺！🥳 …
1564	1	風景很美讓人驚嘆
1565	1	保存的很不錯
1566	0	保全態度惡劣
1567	1	還不錯的拍照地方
1568	1	抽象畫派藝術家匡乙花了三十餘年的時間，蒐集老厝的各種廢棄建材，一磚一瓦建造出老塘湖藝術村。
1569	1	台北最黑暗，最真實的地方
1570	1	比跨年還熱鬧 …
1571	0	沒有控管人數，超級多人⋯⋯置物櫃完全不夠，池裡滿滿都是人，根本沒辦法放鬆⋯ …
1572	0	不知為何河邊都封鎖了，但仍有大批人在河邊玩水，讓一般人不得其門而入，當天中秋節無颱風無雨，却是封鎖，敗興而歸，很多設施都癈棄，難怪遊客也銳減。
1573	1	非常值得一去，給了我一些發展的靈感，貼近生活的藝術非常放鬆的地方，中午來吃點碗粥麵看湖享用沖個咖啡絕妙絕妙。
1574	0	阿姨太謹慎不讓我玩
1575	0	裡面空蕩蕩、假砲跟半身雕像！哇！沒了～
1576	0	門票490元什麼都沒玩到，建議要建設多一點的設施，那不然大家都白花錢….
1577	1	入園門票100元，大約可停留1.5小時，園區內處處是風景，怎麼拍都漂亮。
1578	0	建議控管人數，如有類似狀況可以網路公告或是不接散客。
1579	1	很值得的綠色隧道之旅，解說員口齒清晰，解說詳細，讓搭船的人更清楚認識綠色隧道的價值。
1580	0	TMD爛不解釋  不會再去
1581	1	好吃好逛復古老街，處處驚喜
1582	1	只適合走走 看看 還是不錯的
1583	0	東西貴，沒特色，而且沿街在賣溪哥溪蝦，不是封溪保育嗎
1584	1	有解說和專門開船的船長喔！每個人都必須穿救生衣，且具有解說。
1585	0	在林董往後走一點，看網路以前叫做牛哥滷味吧，現在似乎改名叫撒旦滷味還什麼，就賣牛肚牛筋牛健的，上面寫著賣一兩39元，不能買一兩，最低要一百，一抓就破一百以上，味道吃起來鹹，有一種味素的感覺，吃完喉嚨很乾
1586	0	不會再去
1587	1	很適合去走走看看，還可以了解歷史
1588	0	平台沒了，夜景也都被樹蓋住了，看不到101
1589	1	藝術家的世界與眾不同
1590	1	來了很多次，每次都不會膩，食物也好吃，特別喜歡椪餅～
1591	1	春節期間很熱鬧！
1592	1	在台南幾年的時間，第一次到安平老街逛逛，這裡的物價非常便宜！很划算！
1593	0	晚上道路燈光太暗了 有點危險 動線不清楚
1594	0	過去的風采沒了
1595	0	厠所很難找到
1596	1	神是為了保佑平安，人是為了廟而賺錢
1597	1	很幽美的古蹟
1598	0	注意：您只能穿泳褲！
1599	1	我們也轉身
1600	0	以這樣的價錢 玩這樣的設施 排這麼長的時間 非常不值得.......
1601	1	鐵道展很有趣❤
1602	1	人文薈萃之地，可以看到歷史的痕跡，也能看到國文課本上提到的文人。
1603	0	不值得玩的地方，除了套餐折價卷都沒辦法用。都是人在排隊等待！
1604	1	蜜餞生意超好排隊現包
1605	1	園區規劃的很漂亮、也很乾淨
1606	1	古色古香，有好吃好喝及好聽的， 更有好玩的來很多次了，怎麼說來就對了！
1607	0	這個工作人員對小孩的態度非常惡劣，親子友善零分，讓人傻眼
1608	0	針對官網的活動 真的對你們失望透頂
1609	1	建築有特色，裡面的展覽很用心規劃，看完之後滿滿的感動，原來臺灣有一群默默奉獻、無償付出的人。這裡值得待上一整天，除了裡面的部展，外面的空間也可漫步其中，享受一日的悠閒。
1610	0	因此停進這間(外頭未標示價格) …
1611	1	適合大小朋友來參觀、拍照的地方
1612	0	請不要因為票價便宜就塞一堆不知所云的東西來浪費大家的時間，可惜了這個場地與一下午的好心情！
1613	0	碰碰車110公分的小朋友規定要大人陪同才能搭乘，結果算2個人的費用
1614	0	無聊
1615	1	古色古香的學院，美中不足有些地方被破壞……請前往參觀的大家，好好維護這些古蹟吧！
1616	1	很特別的點！
1617	0	請來魔術街頭藝人一點素質都沒有，5/3最後一場魔術表演完後說自由打賞會給小朋友氣球小禮物，結果居然後來還要求最少要100元才能拿氣球，零錢打賞是小孩自己的心意，表演者這樣是不是在強迫小孩回來跟家長要錢，最可惡的是當下還用麥可風羞辱小孩說錢不夠不能拿，造成小孩身心受創，當下是流著眼淚默默哭回來，安慰過後晚上要睡覺前還因為這件事一直唸唸不忘流淚，兒童樂園不是要給小孩歡樂的嗎？你們請來的人真的是可惡，讓我們家長真的非常生氣跟難過，真是惡劣的街頭藝人
1618	1	安平老街，各種小吃都好好吃 .
1619	1	大草皮也很療癒
1620	0	外國人來台的觀光熱點，昨天又去了。覺得很痛心，我彷彿又看到另一個墾丁大街悄悄的成型中，東西極度難吃就算了店家服務態度惡劣，就連買個小物上面標價150讓小孩去給錢，給一千竟然找800，可憐啊…台灣人。喔錯了應該是可憐啊外國人。
1621	1	去完龍崎空山祭後再繞過去，雖然晚上閉館無法購票入內參觀，外面白橋上有希臘眾神的雕像，燈光美氣氛佳
1622	1	有公廟，有美食街，有伴手禮商家，
1623	1	台南一級古蹟👍
1624	0	我是去拍照的
1625	1	下午過5點後可以騎腳踏車 觀光海邊看海景
1626	1	超大外圍風景復地可以野餐溜小孩 推老人散步
1627	1	可搭配周邊其他景點及美食
1628	1	滿不錯打卡景點👍 …
1629	1	近距離看真的很壯觀！
1630	1	億載金城，古老了，保存好有歷史了，風景好，美，在附近也有安平古堡，景點多，美食好，
1631	1	從石器時代一路到近代史，
1632	0	不好玩，而且停車超貴的，停不到十分鐘就90元，用搶的
1633	1	剛好坐末班船
1634	0	瞅瞅雀榕如何侵襲建物、佔據地盤、破壞人工建築⋯⋯
1635	1	一秒穿越時空，好逛又好拍
1636	1	有多餘時間可以到附近廟宇逛逛，歷史也都很悠久。
1637	0	雜亂無章的觀光夜市！
1638	0	不怎麼樣
1639	0	服務態度不耐煩
1640	0	蚊子超級多
1641	0	超無聊
1642	0	話都不用好好講的，都用罵的
1643	1	很值得待上整天的博物館，因為有太多的歷史知識等著你，展覽動線也非常棒，想看電影、想做DIY、想喝杯咖啡、想欣賞湖畔美景、想沉浸在歷史中，在臺史博應有盡有。
1644	1	超級棒的一條街 充滿了歷史的味道及文創感 走在這邊彷彿置身國外的感覺
1645	0	魯冰花沒開
1646	1	這時間去遇到主展館在維護未開放參觀，只能在館外散步，景觀美，有很多的苦揀子結果，還有蝴蝶花卉供觀賞拍照，有小孩沙池可玩
1647	0	很爛又很多都很貴東西不是很好吃，牌樓入口賣豬血糕的一支很小支就賣40元，你這個黑心老闆你以為大家不知道米血的價格嗎？大家真的要拒買這些賣的很貴，份量又小的攤商
1648	0	門票不便宜，環境管理不好，小黑蚊超級嚴重，兩個小孩腿都腫20幾個包，待一下就走了
1649	0	臉那麼臭
1650	0	在鼎豐 明明點麵 結果送來飯 真的很無語 我的朋友也都聽到是點麵 死不承認
1651	0	一個櫃檯問祭改病符多少錢然後說不知道..然後說要看你人先來每個人價錢不一樣… …
1652	1	漂亮的博物館，因為去的時候是平日，所以就算是暑假人也不多，可以看得出來，不論是常設展，還是特展的部分，館方都非常用心的去佈置，教育特展搜集了清朝、日治時代一直到現在的各種制服與文物，社會運動展也羅列了近幾十年台灣社會運動所留下的旗幟、背心、標語等等文物，希望能夠讓來觀展的人都能夠關注台灣社會的各種議題！ …
1653	0	園內維修人員不先告知客人， …
1654	1	台南一日遊，可以去看看的好地方（周遭不少吃的）
1655	1	寓教於樂的古蹟景點，天氣好的時候建築的紅、草地的綠及天空的藍白搭起來形成一幅美麗的風景，值得一去。
1656	0	去吃個東西就離開了，太空虛導致沒什麼好逛的⋯
1657	0	花費時間約1小時 …
1658	0	太扯了一碗冰搞半天賣180，然後就這幾樣水果沒有什麼料....重點老闆還請一個小朋友在顧炸雞塊薯條...欠查欠檢舉
1659	1	再次回訪，還是很美～
1660	0	味道似乎有味道。
1661	0	千萬不要騎車去，北二入口，絕對不要停機車，圓山派人員會豪奪。
1662	0	遊園小火車，太瞎了…我們兩個人，售票沒說會跟別人併坐，看前面也都是兩人一節車廂，到我們就說要併坐，只因為人太多
1663	0	體驗超級爛 超級差
1664	0	上面的咖啡和雞蛋糕難吃到爆，咖啡又貴店員態度又爛，不要為了折價券去買。
1665	0	今年過年去龍山寺求籤，遇到一位戴眼鏡的老阿伯（義工）解籤的態度超惡劣，這麼神聖的地方卻有這樣惡質的工作人員，以後不會再去參拜了。
1666	1	推薦共同基金團體ㄊ
1667	1	平日比較沒人、可以慢慢走欣賞、附近美食可以品嚐～
1668	1	可以逛逛，順便參觀安平古堡，附近有很多停車場
1669	1	寓教於樂，與原英商德記洋行為同一個收票入口
1670	0	看11:30的演出，入場也沒管控數量，有些人還坐地上看表演，真的很差勁
1671	0	擠死了
1672	0	非常差勁的體驗，侏羅紀水世界展動線極差，展場小就算了，票價要300元，CP值極低，旁邊兒童新樂園那隻恐龍都比你整個展場的亮眼，現場也沒幾個工作人員在引導，連個基本的服務人員背心都沒有穿像來打雜的，傻眼。 …
1673	1	莘莘學子來的好地方
1674	0	疫情期間遊客不多，約二三成人潮!
1675	0	明明叫中正紀念堂，就有些政治狂熱份子愛亂改名稱。不高興就別去啊！
1676	1	台南孔廟，全台首學，來台南必遊的古蹟之一，夏天五月至六月的時候，鳳凰花開很好拍！
1677	1	剛好有文創市集和少女x歷史的表演活動
1678	0	沒什麼啊！
1679	0	對單人來玩的遊客不太友善，有幾項設施都是單人無法遊玩，工作人員也沒辦法幫忙湊人，排了很久結果才發現沒辦法玩。
1680	1	很棒的一個地方，可以帶小朋友去晃，有很多互動設施。
1681	0	蚊子太多，空氣不佳。
1682	0	水火同源對面的樹叫臘腸樹，不能吃唷！
1683	0	僅此一家絕無分號
1684	1	殺人魔陵墓以及權威遺毒建築
1685	1	覺得非常值得體驗！ …
1686	0	無障礙設施做得很差，不建議要推推車來的親子遊玩，很多樓梯，又小又高(傳統的樓梯)，很難搬運，廁所不多，有時小孩急要尿尿就比較麻煩。門票要399，可以待到晚上，但這裡的餐點貴又不好吃(我們吃了一個午餐299折50元，只有一碗牛肉麵，加很淡的蔓越莓果汁)。小孩大概要5歲以上比較適合來，可以攀岩和射箭，還有兒童館可以玩，3.4歲的話只能玩溜滑梯和戶外跑跑。
1687	0	我來已經11點多有的已經收了又下毛毛雨大家就開始收了？
1688	1	具有很多歷史文化的有趣地方
1689	1	船長認真的介紹和貼心的讓乘客好好拍照。
1690	0	到處垃圾
1691	0	🔸水火同源 …
1692	0	這種地方居然要門票???
1693	1	看到紅樹林生態
1694	0	兒童樂園沒想到這麼血汗 每個設施都要排1-1個半小時 只有玩短暫3分鐘 為何大排長龍?? 原因是兒童樂園員工很血汗 排到設施附近才發現 一個人要負責一堆工作 包括 上車上鎖 下車下鎖 廣播注意事項 消毒 排座位人數 有人卡過不去還要排除問題 有人想要座同一台還要細心說明分配 最後還要開動及關閉電動玩樂設備 說難聽點這是把本來3個人的工作壓在同一人身上作 排隊人數1-200百人 就一個人去打這所有的人 員工很辛苦 有問題的是樂園管理當局 主管機關及市政府 …
1695	1	大自然絕對比人類更會種樹!!
1696	1	喜歡文學氣息的朋友們一定要來這裡走走 …
1697	0	16:00的局跟我說15:20過來等
1698	0	不要在這裡浪費你的時間。
1699	0	3. 廁所標牌上有微小的黑色符號（在灰色的牆上），所以任何尋找廁所的人都絕對找不到廁所，除非你恰好站在廁所前面。
1700	1	台南孔廟裡有非常漂亮的雨豆樹，這也是我最愛台南的地方，到處都能看見許多大樹，超級美
1701	0	這個負評  是評給6/25  在三樓  11號設施後面的
1702	1	環島行程剛好排到週三來到奇美. 事先沒注意到周三休館. 不過既來之則安之. 先拍拍館外環境. 風景. 以後在來看館內展覽. 整個奇美占地好大. 一來就被中間白色的雕像水池所吸引. 剛好工人努力地刷洗池子. 感覺奇美滿重視館內維護. 通往展館的橋上也有不少雕像. 有點像布拉格的查理橋. 旁邊的湖. 也是拍照重點. 因為休館. 反而遇到一對新人拍結婚照. 大熱天的下午三點多. 新郎還穿著西裝跟西褲. 新娘也是飆汗. 這真是真愛呀. 有點佩服攝影團隊跟新人. 怎不挑個黃昏一點的時間. 太折磨人了. 剛好去上廁所. 發現衛生紙居然沒了. 感覺這麼大的一個博物館. 也會有這種問題. 希望是因為休館. 下次有機會再來台南玩. 也可以看看奇美展出
1703	0	收費80元的小卡丁車(小賽車)的男性工作人員 …
1704	1	適合全家大小一起出遊
1705	0	如果只是來湊湊熱鬧的麻煩戶外拍拍照即可不要進去大廳喧嘩像吃尾牙一樣！
1706	1	很好逛的人文風情老街，古蹟、廟宇、當地小吃、特色商店…等琳琅滿目，悠閒散步，曲巷通幽，體驗安平文化的好去處。
1707	1	很值得走走看看的地方，到處都好拍，雖然名稱是樹屋但其實還有德記洋行和其他的內容可以看
1708	0	除了放天燈拿錢去燒汙染環境就啥都沒有了 在鐵路上拍照還會被天燈店家趕。態度好像那條鐵路是他家爺爺開的🙄 …
1709	0	連個垃圾桶都沒有
1710	0	無法先預約
1711	1	觀光勝地，帶孩子了解生態環境的好地方，還有另一個外海的航線也可以去遊船看看
1712	0	短到爆，整條街只有溫泉 小米酒 小米麻糬 香腸 溪蝦，不斷重複全無新意
1713	1	推薦喜歡古風的人到此一遊
1714	0	就一個統一的遮雨棚都做不出來 …
1715	0	地方好, 擺物差。
1716	0	空間太狹窄了，逛起來很不舒服
1717	0	停車場與售票口有一小段距離
1718	1	中午很多人午休會來這邊散步，所以喜歡安靜的就不要平日中午來。
1719	1	剛好聽到了十三音樂團和導覽一起❤️
1720	1	另外，與一旁的國小操場相連。
1721	0	大人都不好找了
1722	0	這裡沒什麼。幾乎所有的攤位都關著門不開門。因此，如果您不介意只為燈籠而來，那就來吧。如果沒有，寧願節省旅行時間。
1723	1	全台首學，考試求功名如你所願，我只求及格就好，今天來感恩上香。
1724	1	很有特色的地方，沒什麼人逛起來很悠閒，裡面小攤販賣的台南椪餅麻油蛋不錯吃，下午時金黃色的夕陽很漂亮。
1725	0	我是在九份的外海釣魚我沒有去九份老街 系統應該有問題
1726	1	更多精彩照片ig🔍forward_fantastic_world
1727	1	"公園內""嚇人'的仙女後方,沿著內溝溪堤岸邊的櫻花步道,號稱有3公里長,如果和武陵農場的櫻花季比就很遜色,假日吸引很多賞櫻人潮"
1728	0	便宜但是質量很差。每個浴缸裡都擠滿了老年人，你甚至可以聞到他們的味道。除非你喜歡老年人群，否則不推薦這個地方
1729	1	博物館週邊景致優美，彷彿置身英國公園內。值得定期造訪
1730	1	停車場可 階梯老少可 水火共舞美！
1731	0	停車場
1732	0	我不懂那幹嘛辦展🤷🏻‍♂️🤷🏻‍♂️🤷🏻‍♂️ …
1733	0	近來餐廳消費冷氣也沒開大熱天室內比室外溫度還高
1734	0	遊樂場要休息了也不提前公告，裡面的工作人員態度很不友善
1735	0	停車不方便跟九份一樣變相收高停車費
1736	0	人太多 水很髒 投幣熱水器居然還沒有水
1737	0	票價太貴 門可羅雀
1738	1	好像回到古時候滿有趣的古宅藝術村，可以租古時的衣服拍照，還有手拉船可以搭。
1739	0	人擠人
1740	0	停車位太少，超級難停車！
1741	0	結果這家老闆態度十分強硬只給換一瓶。 …
1742	0	晚上的卡拉OK噪音讓人無法放鬆散步與運動
1743	1	今天2023/04/06天氣候涼爽，解說員非常風趣，很棒的行程👍 …
1744	1	辛尼加曾說過一句意義深遠的話，所有的殘忍都是由膽怯而產生的。這句話決定了一切。愛獻生說過一句富有哲理的話，人生來就具有一定的天賦。希望各位能用心體會這段話。了解清楚英商德記洋行到底是一種怎麼樣的存在，是解決一切問題的關鍵。動機，可以說是最單純的力量。英商德記洋行必定會成為未來世界的新標準。由於，這樣看來，顯克微支講過一段耐人尋思的話，誰能從道德敗壞的地方脫出來，還保持潔白，便是有了最偉大的功德。這句話把我們帶到了一個新的維度去思考這個問題。不要先入為主覺得英商德記洋行很複雜， …
1745	0	一個完全沒有觀光遠景，越來越沒有看頭，連我們台南人一點也不想去的地方---免費不用門票進古蹟也不想去的地方。
1746	0	貴到不合理
1747	1	是距離自由最近也是最遠的廣場
1748	1	大人小孩都適合。
1749	0	當棄
1750	0	動線規劃頗差，很多店家都為了觀光客而不管本地的遊客，感覺很差⋯
1751	0	場都占不到 廢
1752	0	小黑蚊 蚊子太多
1753	0	Beware of busy street. The view was kind of smoggy.
1754	1	順便補一些知識
1755	0	白天去十分的沒情調
1756	0	玩太多頭好暈
1757	0	2.滑梯設施標示不夠清楚，已經爬上3層樓梯才被告知要在一樓穿裝備再上來。
1758	1	秋天的奇美，可以在戶外吹吹風，散散步，不會因為夏天的陽光太熱而感到不適，佔地非常大，每個人都可以盡情享受悠閒的午後，並看到如詩如畫的夕陽美景。展覽也很值得參觀
1759	1	非常棒！ 設備都很新且乾淨，廁所也適合兒童使用，且有兒童洗手台。買票時會主動詢問是否需要導覽，兒童導覽有配合地圖及小任務讓孩子們更有興趣完成，服務人員也會在入館時提醒可以先預約的項目。
1760	0	沒特色，一片淒涼！
1761	1	建於1665年（明永曆十九年，清康熙四年），由陳永華以「十年成長，十年教養，十年成聚」的復國計畫，建議鄭經在承天府桂仔埔（鬼仔埔）建立，初設時僅設大成殿，用來祭祠孔子，又稱先師聖廟，之後又設明倫堂作為講學之用，是為全臺首學，時稱「先師聖廟」[3]:2。 …
1762	1	古色古香很有江南水鄉的味道，台南的冬天好天氣太陽和喣，涼涼的微風在這裡慢慢逛很舒服，表演者醫一生懸命的展現讓人覺得感動，門票$100我覺得很值得
1763	0	跟售票口詢問廁所位置
1764	0	大熱天大家都排隊為什麼預約客先入場完
1765	1	有喝咖啡的朋友，極力推薦去這間1/2P Coffee咖啡廳坐坐！老闆與老闆娘都很親切，手沖咖啡的味道是別處喝不到的風味！
1766	1	坐著玻纖的50人觀光船，在兩岸綠色植物的排列下前進，船上有生態解說員介紹兩岸的生物與歷史文物（已非常殘破，看不出來有保存的動作）30分鐘的行程倒也蠻值得一覽，只是票價200元有點小貴
1767	0	我覺得神經質的人不適合這個地方。
1768	1	台南學甲也有這麼一個美地， …
1769	0	對於講外語的客人會很親切，國人則是看心情服務，連基本稱謂都沒有，態度傲慢。拍照處甚至直接說「包包、口罩」，什麼請、謝謝都沒有。
1770	0	我們是2020/3/25去玩的 女性员工鄭美惠態度极差 言語上的諷刺令人身心不悅 倚老賣老 原本我們就只想開心的進來玩一個小時 被他搞的心情很差 遇到他设施最好就不要搭了 不然可能又被諷刺🤔🤔 …
1771	1	散心，運動的好去處
1772	0	What a grand entrance once you reach! Definitely one of the most beautiful place …
1773	0	不容易，懶人如我第一次在Google評論中花時間留ㄧ星
1774	0	停車場沒有遮蔽物
1775	1	特展是吸引我來的助力
1776	0	3 環境衛生不好。應該是太便宜。沒人清理 …
1777	0	單調，沒什麼特色，老街上賣的東西大同小異，所以也逛不了多久，一個小時就差不多走完，單次停車計費60元顯得有點貴。泡湯也不便宜，週五晚上沒什麼人，不太推薦
1778	1	花季的公園，比較能夠吸引遊客。
1779	0	建議2020/3/13後全面禁香後，也可將龍山寺改名變成龍山神社，跟日本神社越來越像了！不改名怎麼跟的上潮流！！！要改就改像一點！當傳統不再傳統，那就不配再沿用之前留下的門號。。。
1780	1	很多漂亮的蝴蝶，茶葉蛋也很好吃，就是商店街短，重複就那幾樣而已。
1781	1	時光車站一場10分鐘，建議提前現場預約場次，因為座位有限，適合10歲以下兒童，應該是會很開心 …
1782	0	餐廳的櫃檯被客人兇就先給他餐點 那我跟他點一樣的餐 還比他早點 為什麼比較晚拿到
1783	0	工作效率差，有夠爛，東西超貴，完全不好玩
1784	1	悠閒空曠的奇美博物館，很多人在附近享受美好的下午時光，適合遛小孩，放放鬆，在草皮上翻滾，博物館內也是漂亮舒適，炎熱的中午來到館吹吹冷氣、散散步，是個不錯的選擇～
1785	1	第一次造訪，奇美博物館，館內有多元的藝術作品，寬大的藝術空間，讓觀賞者有輕鬆，愉快的心情
1786	1	很適合銀髮族散步休息 …
1787	0	爛透了，2樓遊戲區的服務人員態度很差，又收錢，又要我們的小孩出來，柯p市長你要管管你的公務人員的工作的態度和職責。
1788	1	可以用现金/刷卡支付买票 环境很好 工作人员也很友善 很值得去的博物馆
1789	0	上方有間不知是否合法興建的廟宇，旁邊還有幾戶住家，單靠幾根木頭就蓋在邊坡上，不知何時會崩塌造成傷害。
1790	0	很久沒來，第一次吃到不像菲力的菲力牛排。真的是難吃，可能是要價300,少人點，，肉味已經變腥了，柴，，乾，，，。號稱老店，就不說了。
1791	1	考慮很週到  够大到戶外遊園呼吸，散步賞魚，生態很好！雖然有小攤位的銷售活动增加人潮，歷史博物館了解地域文明的过程，上了一課台灣应史棒極。
1792	1	由當地的廟宇管理的觀光產業，實在相當難得，雖然路線很短，但經過解說人員精闢的介紹與臨場發揮，讓短短的三十分鐘有完整的體驗
1793	1	歷史清楚，冷氣很大
1794	0	賣冰的坑錢
1795	0	學生買不買東西難道不能考慮嗎？
1796	0	在其中一個攤位吃了牛肉塊，這是我一生中最糟糕的決定。接下來的幾天都得了胃病，無法享受自己。衛生問題。
1797	1	適合親子同遊的好地方！
1798	0	門票100元，環境需維護，廁所也有人打掃，so~收費0K。
1799	1	環境不錯，工作人員及志工態度也很好，是個很好遛孩子的地方
1800	1	炎炎夏日最適合帶一家大小來的地方
1801	0	玩密室逃脫時，我朋友在購票10秒鐘後丶我購票1秒鐘之後，我朋友嘔吐了，結果要求不能退票，也不管我們情況如何，如果我下次做出決定時，我就會調整星星。
1802	1	春天的風
1803	1	2021/12/29與朋友初次體驗四草綠色隧道
1804	0	走道狹窄，地板髒亂到處都是蒼蠅駐足。空氣流通差夏天悶熱難耐。
1805	1	內部展示品令人非常驚艷
1806	0	要花太多時間排隊買票！排隊買票動線規劃太差了！
1807	1	有機會去台南你一定要去走走，古色故鄉
1808	0	若貼手圈是你標準作業流程，就不要一副很不想用，我們也有問一定要綁嗎？
1809	1	商業化
1810	0	整修維護中，還收費
1811	0	門票真的不貴，維護人的心無價！
1812	1	夏天是一個充滿熱情和活力的季節，而在台南市的安平區，有一條歷史悠久的老街——安平老街，是一個非常適合夏天逛的地方。在這裡，你可以感受到古老的歷史文化和現代時尚的交融，同時還可以享受到美食、購物和人文藝術的樂趣。 …
1813	0	拍隊拍到死！爛
1814	0	髒，亂，單調，遲早會沒人想去
1815	1	能吃的東西很少 逛的也很少
1816	0	在地人不建議再去的夜市，自從大陸客到之後，一些攤商商品三倍跳，以前一份50現在坑觀光客一份150-200，去的次數變很少了。
1817	1	紀念中正這個殺人魔幹嘛？
1818	0	淋浴設施關閉，人們彼此之間不友好。
1819	1	附近停車地方多，但需要走一小段路，其他方面都不錯👌🏻 …
1820	1	德記洋行，古色古香的建築內，蘊含著滿滿的台灣貿易歷史，來到這裡不僅可以欣賞這座老建築，還可以補充許多課本上沒教的知識。
1821	0	要找廁所很久尿急超不方便之處到處都要載口罩才可以有火車經過去逛街看看吧了
1822	1	最吸引我們的是天堂鳥、五官細緻柔和的母鹿還有全身長滿長刺的豪豬 …
1823	1	太鼓達人謝謝
1824	0	大樹展根本超雷！！！一進去發現超小，然後塞了幾個設施，擠到爆，早上去進去不用等，都那麼擠了，感覺很危險，小孩玩空氣的那個跳跳，超多人被踩了好幾次，聽到別人爸爸也說：這是騙錢的吧！
1825	1	可以好好了解早期臺灣的文化發展，就算沒有進館外面走走也是不錯的親子活動哦~
1826	0	不像以前熱鬧   原本烤肉串剩下後面而已  有幾家店也沒開了
1827	0	風太大，蟲太多
1828	1	如果有時間的話真的非常推薦聽著導覽解說認識孔廟 …
1829	1	外圍參觀不收費用，就可以拍出漂亮照片，吸收文學氣息。
1830	0	買一日卷1-13的設施
1831	1	這邊真的是很棒的老街，台灣老街前三名喔
1832	1	下午帶坐輪椅的老爸去搭火車，車站工作人員為我們介紹整個博物館的展覽和設施，說明的非常清楚，印象深刻! 會推薦給親友來參觀。
1833	0	遊民天堂。不怎麼樣，誰搞得?
1834	0	走得很累
1835	0	今天下午大約4點多打電話詢問園區營業到幾點，園區回覆今日到晚上8：30，我們大約下午5點到現場，買了門票一人399，買完門票售票員才告知我們許多園內設施只開放到4、5點（等於我們進去根本沒幾樣可玩），加上我們帶兩個小孩，許多小孩可玩的設施晚上也沒有。覺當下覺得被坑的感覺，園區也沒有星光票，就這樣我們一人花399進去一下子就走了，當下售票員完全沒事先介紹，如果有先說，我們可能會選擇下次再入園玩。重點是晚上6點多我們在園區內某間店家借熱水要泡奶給小孩喝，店家小姐說不好意思我們要收囉，等於這裡的店家根本都沒有營業到8：30，我們5點多進去，6點多泡完奶園區客人已經走光，裡面也都昏暗暗的好淒涼。傻眼
1836	0	裡面的密室脫逃，服務人員態度有夠差，開頭解釋不清不楚，很像機器人在闡述規則，結束時一副不耐煩的想要一直趕人走，遊戲時間也很短，體驗巨差^^極度不推薦！
1837	0	沒什麼特別每家都一樣製造天燈
1838	1	這邊很靜  在這裡自己靜坐己思不錯
1839	1	多了兒童區，整個環境還蠻舒服的，可以帶小朋友來逛逛，還蠻大的
1840	1	生態旅遊的最佳據點，台灣袖珍版亞馬遜河“紅樹林綠色隧道”。
1841	0	沒人管理
1842	1	如與附近河濱公園連成ㄧ線 ,那就棒透了,可騎脚踏車、慢跑、健走,景觀美。
1843	0	1.烏來的小火車 站員很不友善  開心拍個鐵軌合照  對我大吼別站上去   我知道安全考量
1844	1	清幽磁場很好的地方，來到這邊十份寧靜，樂器的互動環節讓人對於樂器的聲音很有印象
1845	0	玩3分鐘60元
1846	0	這邊是我網路上搜尋資訊找到的
1847	1	觀賞自然生態的絕佳佳地點、紅樹林潮間帶以及招潮蟹，兩邊的樹林向河道中延伸，形成自然的綠色隧道，坐在平緩的船板上，聽著人員仔細的講解，中途隨時要彎腰避開樹枝，看著周遭的生態，一切都讓人家好放鬆，雖然只有短短的40分鐘，卻是一趟洗滌身心的旅程，非常推薦，建議在春季或者是秋季比較不會那麼悶熱。
1848	0	小黑蚊很多．建議長袖長褲穿著免受罪
1849	0	這輩子沒意外不會再來
1850	1	很用心的博物館！當學生時不喜歡歷史，沒想到在這看的津津有味！各種新時代載體規劃演繹過去的歷史，很值得再來！推薦要租語音導覽喔！
1851	1	很棒的地方。
1852	1	博物館外面有很多的綠地，帶給人非常放鬆的感覺，很適合野餐或是帶寵物來走走，建築風格比較偏向歐式博物館的感覺，在屋頂最上方的是榮耀天使雕像，博物館一樓右側為展示動物的展場，介紹些動物習性及外表特徵等，一樓左邊則是兵器庫，拜訪各時期的特有兵器，有中世紀的騎士鎧甲，也有古代日本兵器等，一樓最後面的是羅丹的沉思者。二樓右邊則展示了各個不同地區的樂器，說明一個交響樂團該有的編織，以及一些特色樂器，左邊的藝術廳除了畫作之外，還有許多家具。整個逛下來，大約半天的行程，還蠻推薦全家大小一起去逛逛。
1853	1	非常推薦樂器廳的定時演奏
1854	1	整理的非常乾淨，莊嚴 安逸
1855	1	孔廟的氣場很舒服，周邊的樹很大，走在樹蔭下，感受歷史的軌跡
1856	0	給你聊天 門票成人200元
1857	0	一趟大概可以載30位民眾
1858	0	擁擠到讓我覺得危險、煩躁！不用錢叫我再一次去，我也不會去 …
1859	0	戴眼鏡捲髮男生態度超級差勁
1860	1	老街裏一直逛不膩又充滿濃厚的文化就屬安平老街❤️
1861	1	我 10 年前去了，帶著美好的回憶回去了，但它真的很糟糕。
1862	1	好吃的東西很多，但是雷的店家也很多 …
1863	0	門票100 平日來 沒什麼人
1864	1	樹屋很特別……
1865	0	店員不招呼客人還講電話講的有說有笑 …
1866	1	樹木纏繞 整個很有詩意❤️ …
1867	1	很古風的景點，周邊也有一些店家，適合漫步一周
1868	1	多麼神奇從西門國小走到洋行抬頭發現日光暈，洋行歷史到整個建築保存都是如此迷人，值得一遊
1869	1	很適合拍照景點
1870	1	維持得很好
1871	0	進去一個臭味！不是溫泉味感覺是尿騷味
1872	1	四周都是湖面
1873	0	然後就把電話掛掉了？
1874	0	又擠又髒亂，垃圾隨處丟。假日人多餐點都慢
1875	1	以$100的收費來說，算是相當物超所值，租戲服半小時要$200也算是合理價格，裡面還有兩組街頭藝人來表演算是程度都相當好，是個可以打發一整個早上或一整個下午的好地方，女兒玩得非常開心！
1876	1	超級廣大的室外公園，美美的歐式宮廷風景觀與雕像，非常適合親子野餐或是帶寵物來放風！室內常設展量體也很龐大，逛都逛不完
1877	0	因為我是在地的 所以認為不好
1878	0	初四去的，就人太多，光排隊站得就累死了，小孩怎受的了？平均玩一個設施至少要排1小時，在吃個飯，能玩3個就累了（站到累）整個玩性大減。。找平常時間人少，也許玩的好些。。
1879	0	搞什麼東東啊？
1880	1	台灣第一街
1881	1	三百多年歷史建築，全臺首學，雖已不是學子，但要學習的事情還多的呢。
1882	1	在老樹盤根錯结下欣賞光影，驚艷大自然與建築物融合交錯的美感。
1883	1	請切的導覽，讓人回到17世紀的台灣國際化的開拓時代，內部霜淇淋價格算高，但很好吃
1884	1	🚖台南文青路線ch.2📍
1885	1	休閒之地，交通便捷
1886	1	这是全台湾最大的孔庙，号称全台首学。
1887	0	星期六晚上去該處乘涼，觀察了一下,擎天崗停車場幾百個停車位只有零星不到10台車停放,附近夢幻湖停車場及公共浴室停車場，更是一台車都沒有，只能以荒涼來形容。由此可知，該處停車每小時30元，24小時以悠遊卡收費，顯不合理。
1888	1	第一次來，發現太多東西可以挖掘，若有心要逛，真的要挪出一個上午或下午，方可好好認識這些寶藏！
1889	1	四草大眾廟旁隱密的半封閉人工水道  長約500公尺  水深約50-90公分  兩旁林木近水相連 形成意趣盎然的水域隧道  紅樹林密布 包含 水筆仔 海茄苳 土沉香 五梨跤等 屬淡海交會植物 淺水濕地可見招潮蟹 沙蟹 花跳魚 極具生態教育 .整個航程來回30分鐘票價200元 有專業解說員介紹 很值得四季賞遊.   然而竹筏船體太過簡陋  台南市政府應該汗顏 連基本的觀光都如此隨便 連第三世界都比不上 !!
1890	1	直接在老街入手一頂新的帽子 …
1891	0	很多坑觀光客及外國人的商店
1892	0	環境骯髒，下面池水滿滿的雜質，浴室沒熱水、有熱水的要付費、而且兩間都壞了⋯⋯變相只剩冷水⋯⋯
1893	0	難停車，附近髒亂，攤販雜
1894	0	2樓的雪展入場人員不知道晚上是跟男友或先生怎樣了一大早臉臭 口氣差 很不友善，整體一整天下來這裡的服務人員沒一個感覺是友善的😭😭😭 …
1895	0	垃圾桶很少，地上很多垃圾 竹簽，又髒又亂  很泰哥
1896	1	很多回憶中巷口那種攤販
1897	0	真的沒有多大的改變， 這麼多年了還是這樣子， 尤其是後段的廁所建了又拆， 真的是浪費錢， 每次去那裡就只有吃香腸，叹💥 …
1898	0	無聊收費又貴
1899	0	價格就不講了 翻倍 噱觀光客
1900	0	假日不要來，睡飽再來，錢多再來
1901	0	小黑蚊很多
1902	0	出口賣的雞蛋糕一份六個要80元… …
1903	0	還是沒女友
1904	1	台南觀光局針對安平開發了兩條散步路線，可以讓人進一步了解安平樣貌
1905	0	尤其有段沒路燈的路線 …
1906	0	陰廟
1907	0	用餐區間也沒有夠大 …
1908	0	十年前唸書常來，好一陣子沒來，變的非常無聊，沒什麼好吃也沒什麼好逛，幾乎所有攤位都賣一樣的東西，而且擺明是要來坑殺陸客，一條烤魷魚250-350，已經不會想再去了。
1909	0	觀光客太多只能看人
1910	0	我還買了門票（免費玩編號1～13號設施） …
1911	0	附近停車跟搶錢似的，一個小時150，以前是一次150，還是停好車後才說，說的不清不楚的，直到領車時付錢時，才知道被當ㄆㄢ丫，還理所當然的說（我有告知ㄛ）
1912	1	這一區和樹屋結合，為老屋注入新的生命，值得一看！偶爾會有不定期的展覽
1913	1	奇美博物館真的是很美的地方，有樹林有小橋，裡面也有賣食物，還能拿到側邊戶外享用（剛好建築主體擋住西曬），最後，旁邊的雕像姿勢可以學一下，以後拍照很有用
1914	0	沒有人流管制只知道收門票費，裡面人超級爆炸多品質很不好，買一個餐點要排1.5小時才能點餐，排到時很多東西都沒了浪費時間排隊，去一次就怕了
1915	1	船長和解說員非常認真講解，適合大小朋友來玩
1916	0	車位多
1917	0	動線規劃很差，點餐跟走路的人之間一點空隙都沒有
1918	0	內容空洞無創意
1919	0	根本沒上去過
1920	1	眼超尖拍到超可愛的鳥❤️
1921	1	展品生動有趣，可以很輕鬆就了解古早台南文化發展，搭配樹屋一同遊覽CP值頗高。
1922	0	水太髒了，親眼看到都覺得噁心。
1923	0	沒收費，就沒管理，太爛了。
1924	1	時代的臉孔特展，真的不錯👍
1925	0	不然你會等到天荒地老
1926	0	2021/02/14  4:00
1927	0	停車收費根本黑店
1928	1	奇美博物館是位於台南市的一座世界級博物館，致力於展示台湾的歷史、文化和藝術。
1929	1	外表跟風景真的很適合親子家庭去，裡面展覽蠻好看，歐式風格建築。身心障礙的人可以免費購票入場，一般人要有門票費
1930	1	人超多，排很久
1931	1	有樓梯穿越在樹屋中間，看見樹與屋的纏繞
1932	0	整個無管理狀態、十分不ok
1933	1	適合天氣涼爽待一整天的地方！！！館內收藏豐富，館外風景怡人……讓人還會想再去的地方！！
1934	1	有平靚正嘢食
1935	1	無論嘗美食觀海景，會讓人置入繁華似夢…
1936	1	彷彿置身歐洲古典宮殿.
1937	1	外圍很好拍，停車也很方便
1938	1	改建後北門更為整潔，交通便利
1939	0	設施殘舊,不適宜年紀大行路不便的人
1940	1	搭乘船遊覽的感受很舒服自在，安全措施也有做好，還提供斗笠遮陽，自然生態真的令人心曠神怡！解說員也很用心解說，幽默風趣！候船室的排隊人多冷氣風口有點太冷...其他都很好！
1941	0	瀑布景色還不錯，但公廁都不對外開放讓人很難受，有的直接封起來說「遊客太多不敷使用」，有的請個阿嬤趕人不讓人進，說裡面現在沒水... 真的很扯！ 對遊客這麼不友善以後就不想來了，拜託政府規劃上有點作為好嗎
1942	0	沒看到什麼花，就連當季很容易隨便就開的扶桑花也沒半朵，不知有沒有人整理，也不知有沒有人餵魚？魚會不會餓死？不會再去了！
1943	0	發現竟然少了大象最關鍵的“鼻子”零件
1944	0	服務人員說話很不客氣
1945	1	❤️第一次見水同火一齊，行近都幾熱下，值得一睇，幾得意
1946	0	太扯，網路預定時間到現場還要先換實體票卷才能上去，如果我是外國人來旅遊會氣死，重點是網路預定時間也不是我們實際上去的時間，變成現場排隊看是什麼時間才能上去，爛透了
1947	1	腹地很大，館內很漂亮，有時也有展覽，戶外也有很多綠地可以走走，光是進入館內就被高挑的視覺藝術空間吸引，更別說館內裝置藝術了，很值得推薦的地方，好逛、好拍、好走
1948	1	自然景觀的景點 可惜缺水 水量很少
1949	1	人員親切熱心，廟內 寧靜舒服
1950	0	路過想進去看，結果忘記帶身份證，拿健保卡跟駕照，仍然是不准進入。想請問如果還沒有辦身份證的小孩或者是外籍人士，要怎麼參觀？
1951	1	台南很多美食，尤其是牛肉湯讚，也很多古級可以逛，跟老街，太多太多了。
1952	0	如果可能的話會給它減分。它實際上就是您在所有相關圖片中看到的拱形磚門。沒有其他的。他們試圖將其包含在包括赤坎塔、安平樹屋和安平堡在內的旅遊通行證中出售，這是一個很大的詐騙。最糟糕的是，這是浪費時間，因為公共交通往返非常痛苦。
1953	1	值此非常時期 餐點可考慮自帶
1954	0	方向圖是錯誤的，它不是每天都開放......花了一個小時試圖找到它並且它關閉了......只在周六和周日開放......如果我能得到它可能會標記更多在那裡
1955	1	空氣清新，散步運動的好地方
1956	1	當然在照片上看起來更漂亮......
1957	1	仿古建築做得很道地。
1958	0	爛透了！ …
1959	0	我是殘疾人，不能長時間站立。回去的路上，電梯工作人員把我放在殘疾人區的一邊，卻把我和同伴隔開，讓她站在隊列裡。在這之間，以及強迫你穿過一個長長的商店區才能到達出口，它顯示出一種你在台灣其他地方找不到的瑣碎程度。
1960	0	千萬不要平日來，我家長輩不敢玩刺激的，平日來時比較不刺激的全部不能玩，然後價格也一樣要450，展覽其實感覺根本沒有規劃，還不如去奇美。
1961	0	沒有防曬裝備
1962	1	真的是非常值得大家前往旅遊的景點，自己也會希望在去遊玩第二次☺️☺️☺️。
1963	1	新北市三重疏洪16路不錯玩
1964	1	首次來訪時感覺孔廟是一個非常清幽的地方，隱身在繁華的台南鬧區內，周圍有許多知名老店，來到台南旅遊可以過來走走。
1965	1	這好吃有好玩 蝦餅吃到飽。 但用心品嚐各家還是有些差異的。 有些特別鮮， 各位用心體會吧
1966	1	VR再現製造所-五顆星 影片普普，不過可以體驗VIVE頭盔很棒。
1967	1	鄰近赤崁樓與文學館及美術館，觀光便利性高，古色古香，集人文藝術價值與文化歷史于一身，探索台南不可或缺的好地方。
1968	1	台版亞馬遜真是美極了，來台南的必遊景點，全程30分鐘有專人導覽，這次很幸運提早抵達坐在遊船第一排，拍到很多滿意的美照
1969	1	好想好想約一大群姐妹們，一起去拍照、野餐。 …
1970	1	今年是第五次參加
1971	0	但有一家賣動物的阿伯真的很不老實
1972	0	無人員管理，加價購遊戲卷要使用還要再額外收費，到底是加購那張卷做啥
1973	1	趁早去看比較好
1974	1	還好
1975	1	適合秋冬有風的季節前往，大太陽時光線投射很漂亮，但相對的也很熱
1976	0	門票100元不可抵消費×3，很重要所以×3，售票口有貼，不要再問。 …
1977	0	20年沒變，假日人車爭道。
1978	0	工作人員態度極度不佳!
1979	0	I was very disappointed to live in the Songshan night market area, I am a foreigner, I accidentally dump litter in the Songshan night market. the janitor was very cruel at that time. I was fined 2400 nt. the first mistake should only be …
1980	1	比想像中還要好逛的地方，
1981	0	是
1982	1	這裡真的很漂亮，坐船體驗綠色隧道，真的很棒
1983	0	停車一次50
1984	1	盤根錯節的樹根與樹幹蔓延整個建築物，斷垣殘壁亦有一番獨特的廢墟風。現已有搭建穩固的階梯步道可以走到二樓從上面俯瞰樹屋內部。風景很美，旁邊還有草皮，適合全家休閒踏青
1985	0	昨天下班後要去打球發現羽球場的燈好像不是24小時開的了？？？以前半夜去都還可以開燈的⋯我們這些晚下班的人沒有打球的權益了嗎🥲 …
1986	0	沒有進去參觀，單純在外面休息溜小孩。
1987	0	星期一至星期五能不能也開放九號停車場讓大巴停丫
1988	1	小吃都很好吃。可順路去德洋軍艦、夕遊出張所
1989	0	泡湯的客人 有些人 在池中 搓手搓腳 搓身體 造成水質有皮宵 水質 混濁 宣導不周
1990	1	補班日～來趟古都巡禮
1991	0	整體蠻無聊的，不值得花449的票價，不會再二訪
1992	1	環境很棒適合親子朋友聯誼踏青的地方
1993	0	街道水溝味道臭到爆炸，用餐環境普遍髒亂，商店食品衛生堪慮，街上商品無特色，就是任何夜市或風景區都有的，遊客多到寸步難行，讓人後悔只想快速逃離。
1994	1	佔地不大，但每個角落都充滿懷舊氣氛，
1995	1	非常美麗，也能散步野餐
1996	0	超差，幾乎讓團體票先進去，都不顧散客的心情。
1997	1	場景擬真講究，內容豐富，互動體驗設施佳，學習中心圖書資料新而且自由進入。
1998	0	預約系統太爛
1999	0	沒植物
